case,solver,arch_pair,field,max_abs,mean_abs,max_rel,l2_abs,result
orszag_tang,hlld,cpu-gpu,Bx,0.0,0.0,0.0,0.0,PASS
orszag_tang,hlld,cpu-gpu,By,0.0,0.0,0.0,0.0,PASS
orszag_tang,hlld,cpu-gpu,Bz,0.0,0.0,0.0,0.0,PASS
orszag_tang,hlld,cpu-gpu,E,0.0,0.0,0.0,0.0,PASS
orszag_tang,hlld,cpu-gpu,p,0.0,0.0,0.0,0.0,PASS
orszag_tang,hlld,cpu-gpu,psi,0.0,0.0,0.0,0.0,PASS
orszag_tang,hlld,cpu-gpu,rho,0.0,0.0,0.0,0.0,PASS
orszag_tang,hlld,cpu-gpu,u,0.0,0.0,0.0,0.0,PASS
orszag_tang,hlld,cpu-gpu,v,0.0,0.0,0.0,0.0,PASS
orszag_tang,hlld,cpu-gpu,w,0.0,0.0,0.0,0.0,PASS
orszag_tang,hlld,cpu-gpu,Bx,0.0,0.0,0.0,0.0,PASS
orszag_tang,hlld,cpu-gpu,By,0.0,0.0,0.0,0.0,PASS
orszag_tang,hlld,cpu-gpu,Bz,0.0,0.0,0.0,0.0,PASS
orszag_tang,hlld,cpu-gpu,E,0.0,0.0,0.0,0.0,PASS
orszag_tang,hlld,cpu-gpu,p,0.0,0.0,0.0,0.0,PASS
orszag_tang,hlld,cpu-gpu,psi,0.0,0.0,0.0,0.0,PASS
orszag_tang,hlld,cpu-gpu,rho,0.0,0.0,0.0,0.0,PASS
orszag_tang,hlld,cpu-gpu,u,0.0,0.0,0.0,0.0,PASS
orszag_tang,hlld,cpu-gpu,v,0.0,0.0,0.0,0.0,PASS
orszag_tang,hlld,cpu-gpu,w,0.0,0.0,0.0,0.0,PASS
orszag_tang,hlld,cpu-gpu,Bx,0.0,0.0,0.0,0.0,PASS
orszag_tang,hlld,cpu-gpu,By,0.0,0.0,0.0,0.0,PASS
orszag_tang,hlld,cpu-gpu,Bz,0.0,0.0,0.0,0.0,PASS
orszag_tang,hlld,cpu-gpu,E,0.0,0.0,0.0,0.0,PASS
orszag_tang,hlld,cpu-gpu,p,0.0,0.0,0.0,0.0,PASS
orszag_tang,hlld,cpu-gpu,psi,0.0,0.0,0.0,0.0,PASS
orszag_tang,hlld,cpu-gpu,rho,0.0,0.0,0.0,0.0,PASS
orszag_tang,hlld,cpu-gpu,u,0.0,0.0,0.0,0.0,PASS
orszag_tang,hlld,cpu-gpu,v,0.0,0.0,0.0,0.0,PASS
orszag_tang,hlld,cpu-gpu,w,0.0,0.0,0.0,0.0,PASS
orszag_tang,hlld,cpu-mpi,Bx,0.0,0.0,0.0,0.0,PASS
orszag_tang,hlld,cpu-mpi,By,0.0,0.0,0.0,0.0,PASS
orszag_tang,hlld,cpu-mpi,Bz,0.0,0.0,0.0,0.0,PASS
orszag_tang,hlld,cpu-mpi,E,0.0,0.0,0.0,0.0,PASS
orszag_tang,hlld,cpu-mpi,p,0.0,0.0,0.0,0.0,PASS
orszag_tang,hlld,cpu-mpi,psi,0.0,0.0,0.0,0.0,PASS
orszag_tang,hlld,cpu-mpi,rho,0.0,0.0,0.0,0.0,PASS
orszag_tang,hlld,cpu-mpi,u,0.0,0.0,0.0,0.0,PASS
orszag_tang,hlld,cpu-mpi,v,0.0,0.0,0.0,0.0,PASS
orszag_tang,hlld,cpu-mpi,w,0.0,0.0,0.0,0.0,PASS
orszag_tang,hlld,cpu-mpi,Bx,0.0,0.0,0.0,0.0,PASS
orszag_tang,hlld,cpu-mpi,By,0.0,0.0,0.0,0.0,PASS
orszag_tang,hlld,cpu-mpi,Bz,0.0,0.0,0.0,0.0,PASS
orszag_tang,hlld,cpu-mpi,E,0.0,0.0,0.0,0.0,PASS
orszag_tang,hlld,cpu-mpi,p,0.0,0.0,0.0,0.0,PASS
orszag_tang,hlld,cpu-mpi,psi,0.0,0.0,0.0,0.0,PASS
orszag_tang,hlld,cpu-mpi,rho,0.0,0.0,0.0,0.0,PASS
orszag_tang,hlld,cpu-mpi,u,0.0,0.0,0.0,0.0,PASS
orszag_tang,hlld,cpu-mpi,v,0.0,0.0,0.0,0.0,PASS
orszag_tang,hlld,cpu-mpi,w,0.0,0.0,0.0,0.0,PASS
orszag_tang,hlld,cpu-mpi,Bx,0.0,0.0,0.0,0.0,PASS
orszag_tang,hlld,cpu-mpi,By,0.0,0.0,0.0,0.0,PASS
orszag_tang,hlld,cpu-mpi,Bz,0.0,0.0,0.0,0.0,PASS
orszag_tang,hlld,cpu-mpi,E,0.0,0.0,0.0,0.0,PASS
orszag_tang,hlld,cpu-mpi,p,0.0,0.0,0.0,0.0,PASS
orszag_tang,hlld,cpu-mpi,psi,0.0,0.0,0.0,0.0,PASS
orszag_tang,hlld,cpu-mpi,rho,0.0,0.0,0.0,0.0,PASS
orszag_tang,hlld,cpu-mpi,u,0.0,0.0,0.0,0.0,PASS
orszag_tang,hlld,cpu-mpi,v,0.0,0.0,0.0,0.0,PASS
orszag_tang,hlld,cpu-mpi,w,0.0,0.0,0.0,0.0,PASS
orszag_tang,hlld,gpu-mpi,Bx,0.0,0.0,0.0,0.0,PASS
orszag_tang,hlld,gpu-mpi,By,0.0,0.0,0.0,0.0,PASS
orszag_tang,hlld,gpu-mpi,Bz,0.0,0.0,0.0,0.0,PASS
orszag_tang,hlld,gpu-mpi,E,0.0,0.0,0.0,0.0,PASS
orszag_tang,hlld,gpu-mpi,p,0.0,0.0,0.0,0.0,PASS
orszag_tang,hlld,gpu-mpi,psi,0.0,0.0,0.0,0.0,PASS
orszag_tang,hlld,gpu-mpi,rho,0.0,0.0,0.0,0.0,PASS
orszag_tang,hlld,gpu-mpi,u,0.0,0.0,0.0,0.0,PASS
orszag_tang,hlld,gpu-mpi,v,0.0,0.0,0.0,0.0,PASS
orszag_tang,hlld,gpu-mpi,w,0.0,0.0,0.0,0.0,PASS
orszag_tang,hlld,gpu-mpi,Bx,0.0,0.0,0.0,0.0,PASS
orszag_tang,hlld,gpu-mpi,By,0.0,0.0,0.0,0.0,PASS
orszag_tang,hlld,gpu-mpi,Bz,0.0,0.0,0.0,0.0,PASS
orszag_tang,hlld,gpu-mpi,E,0.0,0.0,0.0,0.0,PASS
orszag_tang,hlld,gpu-mpi,p,0.0,0.0,0.0,0.0,PASS
orszag_tang,hlld,gpu-mpi,psi,0.0,0.0,0.0,0.0,PASS
orszag_tang,hlld,gpu-mpi,rho,0.0,0.0,0.0,0.0,PASS
orszag_tang,hlld,gpu-mpi,u,0.0,0.0,0.0,0.0,PASS
orszag_tang,hlld,gpu-mpi,v,0.0,0.0,0.0,0.0,PASS
orszag_tang,hlld,gpu-mpi,w,0.0,0.0,0.0,0.0,PASS
orszag_tang,hlld,gpu-mpi,Bx,0.0,0.0,0.0,0.0,PASS
orszag_tang,hlld,gpu-mpi,By,0.0,0.0,0.0,0.0,PASS
orszag_tang,hlld,gpu-mpi,Bz,0.0,0.0,0.0,0.0,PASS
orszag_tang,hlld,gpu-mpi,E,0.0,0.0,0.0,0.0,PASS
orszag_tang,hlld,gpu-mpi,p,0.0,0.0,0.0,0.0,PASS
orszag_tang,hlld,gpu-mpi,psi,0.0,0.0,0.0,0.0,PASS
orszag_tang,hlld,gpu-mpi,rho,0.0,0.0,0.0,0.0,PASS
orszag_tang,hlld,gpu-mpi,u,0.0,0.0,0.0,0.0,PASS
orszag_tang,hlld,gpu-mpi,v,0.0,0.0,0.0,0.0,PASS
orszag_tang,hlld,gpu-mpi,w,0.0,0.0,0.0,0.0,PASS
rotor,hlld,cpu-gpu,Bx,0.0,0.0,0.0,0.0,PASS
rotor,hlld,cpu-gpu,By,0.0,0.0,0.0,0.0,PASS
rotor,hlld,cpu-gpu,Bz,0.0,0.0,0.0,0.0,PASS
rotor,hlld,cpu-gpu,E,0.0,0.0,0.0,0.0,PASS
rotor,hlld,cpu-gpu,p,0.0,0.0,0.0,0.0,PASS
rotor,hlld,cpu-gpu,psi,0.0,0.0,0.0,0.0,PASS
rotor,hlld,cpu-gpu,rho,0.0,0.0,0.0,0.0,PASS
rotor,hlld,cpu-gpu,u,0.0,0.0,0.0,0.0,PASS
rotor,hlld,cpu-gpu,v,0.0,0.0,0.0,0.0,PASS
rotor,hlld,cpu-gpu,w,0.0,0.0,0.0,0.0,PASS
rotor,hlld,cpu-gpu,Bx,0.0,0.0,0.0,0.0,PASS
rotor,hlld,cpu-gpu,By,0.0,0.0,0.0,0.0,PASS
rotor,hlld,cpu-gpu,Bz,0.0,0.0,0.0,0.0,PASS
rotor,hlld,cpu-gpu,E,0.0,0.0,0.0,0.0,PASS
rotor,hlld,cpu-gpu,p,0.0,0.0,0.0,0.0,PASS
rotor,hlld,cpu-gpu,psi,0.0,0.0,0.0,0.0,PASS
rotor,hlld,cpu-gpu,rho,0.0,0.0,0.0,0.0,PASS
rotor,hlld,cpu-gpu,u,0.0,0.0,0.0,0.0,PASS
rotor,hlld,cpu-gpu,v,0.0,0.0,0.0,0.0,PASS
rotor,hlld,cpu-gpu,w,0.0,0.0,0.0,0.0,PASS
rotor,hlld,cpu-mpi,Bx,0.0,0.0,0.0,0.0,PASS
rotor,hlld,cpu-mpi,By,0.0,0.0,0.0,0.0,PASS
rotor,hlld,cpu-mpi,Bz,0.0,0.0,0.0,0.0,PASS
rotor,hlld,cpu-mpi,E,0.0,0.0,0.0,0.0,PASS
rotor,hlld,cpu-mpi,p,0.0,0.0,0.0,0.0,PASS
rotor,hlld,cpu-mpi,psi,0.0,0.0,0.0,0.0,PASS
rotor,hlld,cpu-mpi,rho,0.0,0.0,0.0,0.0,PASS
rotor,hlld,cpu-mpi,u,0.0,0.0,0.0,0.0,PASS
rotor,hlld,cpu-mpi,v,0.0,0.0,0.0,0.0,PASS
rotor,hlld,cpu-mpi,w,0.0,0.0,0.0,0.0,PASS
rotor,hlld,cpu-mpi,Bx,0.0,0.0,0.0,0.0,PASS
rotor,hlld,cpu-mpi,By,0.0,0.0,0.0,0.0,PASS
rotor,hlld,cpu-mpi,Bz,0.0,0.0,0.0,0.0,PASS
rotor,hlld,cpu-mpi,E,0.0,0.0,0.0,0.0,PASS
rotor,hlld,cpu-mpi,p,0.0,0.0,0.0,0.0,PASS
rotor,hlld,cpu-mpi,psi,0.0,0.0,0.0,0.0,PASS
rotor,hlld,cpu-mpi,rho,0.0,0.0,0.0,0.0,PASS
rotor,hlld,cpu-mpi,u,0.0,0.0,0.0,0.0,PASS
rotor,hlld,cpu-mpi,v,0.0,0.0,0.0,0.0,PASS
rotor,hlld,cpu-mpi,w,0.0,0.0,0.0,0.0,PASS
rotor,hlld,gpu-mpi,Bx,0.0,0.0,0.0,0.0,PASS
rotor,hlld,gpu-mpi,By,0.0,0.0,0.0,0.0,PASS
rotor,hlld,gpu-mpi,Bz,0.0,0.0,0.0,0.0,PASS
rotor,hlld,gpu-mpi,E,0.0,0.0,0.0,0.0,PASS
rotor,hlld,gpu-mpi,p,0.0,0.0,0.0,0.0,PASS
rotor,hlld,gpu-mpi,psi,0.0,0.0,0.0,0.0,PASS
rotor,hlld,gpu-mpi,rho,0.0,0.0,0.0,0.0,PASS
rotor,hlld,gpu-mpi,u,0.0,0.0,0.0,0.0,PASS
rotor,hlld,gpu-mpi,v,0.0,0.0,0.0,0.0,PASS
rotor,hlld,gpu-mpi,w,0.0,0.0,0.0,0.0,PASS
rotor,hlld,gpu-mpi,Bx,0.0,0.0,0.0,0.0,PASS
rotor,hlld,gpu-mpi,By,0.0,0.0,0.0,0.0,PASS
rotor,hlld,gpu-mpi,Bz,0.0,0.0,0.0,0.0,PASS
rotor,hlld,gpu-mpi,E,0.0,0.0,0.0,0.0,PASS
rotor,hlld,gpu-mpi,p,0.0,0.0,0.0,0.0,PASS
rotor,hlld,gpu-mpi,psi,0.0,0.0,0.0,0.0,PASS
rotor,hlld,gpu-mpi,rho,0.0,0.0,0.0,0.0,PASS
rotor,hlld,gpu-mpi,u,0.0,0.0,0.0,0.0,PASS
rotor,hlld,gpu-mpi,v,0.0,0.0,0.0,0.0,PASS
rotor,hlld,gpu-mpi,w,0.0,0.0,0.0,0.0,PASS
brio_wu,hlld,cpu-gpu,Bx,0.0,0.0,0.0,0.0,PASS
brio_wu,hlld,cpu-gpu,By,0.0,0.0,0.0,0.0,PASS
brio_wu,hlld,cpu-gpu,Bz,0.0,0.0,0.0,0.0,PASS
brio_wu,hlld,cpu-gpu,E,0.0,0.0,0.0,0.0,PASS
brio_wu,hlld,cpu-gpu,p,0.0,0.0,0.0,0.0,PASS
brio_wu,hlld,cpu-gpu,psi,0.0,0.0,0.0,0.0,PASS
brio_wu,hlld,cpu-gpu,rho,0.0,0.0,0.0,0.0,PASS
brio_wu,hlld,cpu-gpu,u,0.0,0.0,0.0,0.0,PASS
brio_wu,hlld,cpu-gpu,v,0.0,0.0,0.0,0.0,PASS
brio_wu,hlld,cpu-gpu,w,0.0,0.0,0.0,0.0,PASS
brio_wu,hlld,cpu-gpu,Bx,0.0,0.0,0.0,0.0,PASS
brio_wu,hlld,cpu-gpu,By,0.0,0.0,0.0,0.0,PASS
brio_wu,hlld,cpu-gpu,Bz,0.0,0.0,0.0,0.0,PASS
brio_wu,hlld,cpu-gpu,E,0.0,0.0,0.0,0.0,PASS
brio_wu,hlld,cpu-gpu,p,0.0,0.0,0.0,0.0,PASS
brio_wu,hlld,cpu-gpu,psi,0.0,0.0,0.0,0.0,PASS
brio_wu,hlld,cpu-gpu,rho,0.0,0.0,0.0,0.0,PASS
brio_wu,hlld,cpu-gpu,u,0.0,0.0,0.0,0.0,PASS
brio_wu,hlld,cpu-gpu,v,0.0,0.0,0.0,0.0,PASS
brio_wu,hlld,cpu-gpu,w,0.0,0.0,0.0,0.0,PASS
brio_wu,hlld,cpu-mpi,Bx,0.0,0.0,0.0,0.0,PASS
brio_wu,hlld,cpu-mpi,By,0.0,0.0,0.0,0.0,PASS
brio_wu,hlld,cpu-mpi,Bz,0.0,0.0,0.0,0.0,PASS
brio_wu,hlld,cpu-mpi,E,0.0,0.0,0.0,0.0,PASS
brio_wu,hlld,cpu-mpi,p,0.0,0.0,0.0,0.0,PASS
brio_wu,hlld,cpu-mpi,psi,0.0,0.0,0.0,0.0,PASS
brio_wu,hlld,cpu-mpi,rho,0.0,0.0,0.0,0.0,PASS
brio_wu,hlld,cpu-mpi,u,0.0,0.0,0.0,0.0,PASS
brio_wu,hlld,cpu-mpi,v,0.0,0.0,0.0,0.0,PASS
brio_wu,hlld,cpu-mpi,w,0.0,0.0,0.0,0.0,PASS
brio_wu,hlld,cpu-mpi,Bx,0.0,0.0,0.0,0.0,PASS
brio_wu,hlld,cpu-mpi,By,0.0,0.0,0.0,0.0,PASS
brio_wu,hlld,cpu-mpi,Bz,0.0,0.0,0.0,0.0,PASS
brio_wu,hlld,cpu-mpi,E,0.0,0.0,0.0,0.0,PASS
brio_wu,hlld,cpu-mpi,p,0.0,0.0,0.0,0.0,PASS
brio_wu,hlld,cpu-mpi,psi,0.0,0.0,0.0,0.0,PASS
brio_wu,hlld,cpu-mpi,rho,0.0,0.0,0.0,0.0,PASS
brio_wu,hlld,cpu-mpi,u,0.0,0.0,0.0,0.0,PASS
brio_wu,hlld,cpu-mpi,v,0.0,0.0,0.0,0.0,PASS
brio_wu,hlld,cpu-mpi,w,0.0,0.0,0.0,0.0,PASS
brio_wu,hlld,gpu-mpi,Bx,0.0,0.0,0.0,0.0,PASS
brio_wu,hlld,gpu-mpi,By,0.0,0.0,0.0,0.0,PASS
brio_wu,hlld,gpu-mpi,Bz,0.0,0.0,0.0,0.0,PASS
brio_wu,hlld,gpu-mpi,E,0.0,0.0,0.0,0.0,PASS
brio_wu,hlld,gpu-mpi,p,0.0,0.0,0.0,0.0,PASS
brio_wu,hlld,gpu-mpi,psi,0.0,0.0,0.0,0.0,PASS
brio_wu,hlld,gpu-mpi,rho,0.0,0.0,0.0,0.0,PASS
brio_wu,hlld,gpu-mpi,u,0.0,0.0,0.0,0.0,PASS
brio_wu,hlld,gpu-mpi,v,0.0,0.0,0.0,0.0,PASS
brio_wu,hlld,gpu-mpi,w,0.0,0.0,0.0,0.0,PASS
brio_wu,hlld,gpu-mpi,Bx,0.0,0.0,0.0,0.0,PASS
brio_wu,hlld,gpu-mpi,By,0.0,0.0,0.0,0.0,PASS
brio_wu,hlld,gpu-mpi,Bz,0.0,0.0,0.0,0.0,PASS
brio_wu,hlld,gpu-mpi,E,0.0,0.0,0.0,0.0,PASS
brio_wu,hlld,gpu-mpi,p,0.0,0.0,0.0,0.0,PASS
brio_wu,hlld,gpu-mpi,psi,0.0,0.0,0.0,0.0,PASS
brio_wu,hlld,gpu-mpi,rho,0.0,0.0,0.0,0.0,PASS
brio_wu,hlld,gpu-mpi,u,0.0,0.0,0.0,0.0,PASS
brio_wu,hlld,gpu-mpi,v,0.0,0.0,0.0,0.0,PASS
brio_wu,hlld,gpu-mpi,w,0.0,0.0,0.0,0.0,PASS
