experiment,source_job_task,source_job_id,array_task_id,source_file,is_canonical,backend,case,solver,n,repeat,repeats_requested,build_variant,threads,ranks,nx,ny,total_cells,steps,app_elapsed_s,steps_per_s,Mcell_updates_s,wall_seconds,user_seconds,sys_seconds,cpu_percent,max_rss_kb,major_page_faults,minor_page_faults,voluntary_context_switches,involuntary_context_switches,start_utc,end_utc,exit_status,hostname,git_branch,git_commit
mhd,31917912_3,31917912,3,31917912_3/cpu_openmp/cpu_openmp_force.csv,1,cpu_openmp,orszag_tang,force,1,1,3,repository_default_openmp,76,0,192,192,36864,1251,0.7455,1678.17,61.9,0.770806784,56.43,0.09,7496%,28596,33,5024,51,507,2026-07-23T02:59:16.779097702+00:00,2026-07-23T02:59:17.552889620+00:00,0,cpu-q-240,final_version,d6a3289d2ea4e6cb69616ff596d3942e80ab2a4f
mhd,31917912_3,31917912,3,31917912_3/cpu_openmp/cpu_openmp_force.csv,1,cpu_openmp,orszag_tang,force,1,2,3,repository_default_openmp,76,0,192,192,36864,1251,0.7510,1665.82,61.4,0.772132096,56.84,0.11,7504%,28316,23,4913,38,553,2026-07-23T02:59:18.391758224+00:00,2026-07-23T02:59:19.166866205+00:00,0,cpu-q-240,final_version,d6a3289d2ea4e6cb69616ff596d3942e80ab2a4f
mhd,31917912_3,31917912,3,31917912_3/cpu_openmp/cpu_openmp_force.csv,1,cpu_openmp,orszag_tang,force,1,3,3,repository_default_openmp,76,0,192,192,36864,1251,0.7723,1619.80,59.7,0.804227072,58.49,0.06,7507%,26420,18,4468,29,539,2026-07-23T02:59:19.213302227+00:00,2026-07-23T02:59:20.020718809+00:00,0,cpu-q-240,final_version,d6a3289d2ea4e6cb69616ff596d3942e80ab2a4f
mhd,31917912_3,31917912,3,31917912_3/cpu_openmp/cpu_openmp_force.csv,1,cpu_openmp,orszag_tang,force,2,1,3,repository_default_openmp,76,0,384,384,147456,2587,3.6648,705.90,104.1,3.737819136,277.51,0.05,7530%,89132,52,4295,136,2510,2026-07-23T02:59:22.727486710+00:00,2026-07-23T02:59:26.468374734+00:00,0,cpu-q-240,final_version,d6a3289d2ea4e6cb69616ff596d3942e80ab2a4f
mhd,31917912_3,31917912,3,31917912_3/cpu_openmp/cpu_openmp_force.csv,1,cpu_openmp,orszag_tang,force,2,2,3,repository_default_openmp,76,0,384,384,147456,2587,3.7051,698.23,103.0,3.747563264,280.56,0.05,7533%,89028,22,4288,106,2649,2026-07-23T02:59:26.513313992+00:00,2026-07-23T02:59:30.264023985+00:00,0,cpu-q-240,final_version,d6a3289d2ea4e6cb69616ff596d3942e80ab2a4f
mhd,31917912_3,31917912,3,31917912_3/cpu_openmp/cpu_openmp_force.csv,1,cpu_openmp,orszag_tang,force,2,3,3,repository_default_openmp,76,0,384,384,147456,2587,3.7107,697.17,102.8,3.751730944,280.50,0.08,7520%,89240,43,4286,346,2634,2026-07-23T02:59:30.310586348+00:00,2026-07-23T02:59:34.065423854+00:00,0,cpu-q-240,final_version,d6a3289d2ea4e6cb69616ff596d3942e80ab2a4f
mhd,31917912_3,31917912,3,31917912_3/cpu_openmp/cpu_openmp_force.csv,1,cpu_openmp,orszag_tang,force,4,1,1,repository_default_openmp,76,0,768,768,589824,5329,42.2344,126.18,74.4,42.340819200,3182.41,0.79,7524%,339108,37,4455,5023,26677,2026-07-23T03:00:06.737151297+00:00,2026-07-23T03:00:49.081243119+00:00,0,cpu-q-240,final_version,d6a3289d2ea4e6cb69616ff596d3942e80ab2a4f
mhd,31917912_3,31917912,3,31917912_3/cpu_openmp/cpu_openmp_force.csv,1,cpu_openmp,orszag_tang,force,8,1,1,repository_default_openmp,76,0,1536,1536,2359296,10935,526.5475,20.77,49.0,526.851893760,39702.94,5.39,7537%,1339688,57,5584,8935,330243,2026-07-23T03:02:51.283827694+00:00,2026-07-23T03:11:38.138912776+00:00,0,cpu-q-240,final_version,d6a3289d2ea4e6cb69616ff596d3942e80ab2a4f
mhd,31918140_0,31918140,0,31918140_0/cpu_openmp/cpu_openmp_hll.csv,1,cpu_openmp,orszag_tang,hll,1,1,3,repository_default_openmp,76,0,192,192,36864,1231,0.6987,1761.86,64.9,0.722050816,52.89,0.09,7483%,26160,15,4403,31,453,2026-07-23T01:26:05.072996438+00:00,2026-07-23T01:26:05.798332176+00:00,0,cpu-q-494,final_version,d6a3289d2ea4e6cb69616ff596d3942e80ab2a4f
mhd,31918140_0,31918140,0,31918140_0/cpu_openmp/cpu_openmp_hll.csv,1,cpu_openmp,orszag_tang,hll,1,2,3,repository_default_openmp,76,0,192,192,36864,1231,0.7475,1646.77,60.7,0.767925760,56.05,0.01,7426%,26284,20,4380,105,509,2026-07-23T01:26:06.995392519+00:00,2026-07-23T01:26:07.766414919+00:00,0,cpu-q-494,final_version,d6a3289d2ea4e6cb69616ff596d3942e80ab2a4f
mhd,31918140_0,31918140,0,31918140_0/cpu_openmp/cpu_openmp_hll.csv,1,cpu_openmp,orszag_tang,hll,1,3,3,repository_default_openmp,76,0,192,192,36864,1231,0.7019,1753.92,64.7,0.726971904,53.19,0.01,7504%,26424,30,4367,33,536,2026-07-23T01:26:07.812891672+00:00,2026-07-23T01:26:08.543083605+00:00,0,cpu-q-494,final_version,d6a3289d2ea4e6cb69616ff596d3942e80ab2a4f
mhd,31918140_0,31918140,0,31918140_0/cpu_openmp/cpu_openmp_hll.csv,1,cpu_openmp,orszag_tang,hll,2,1,3,repository_default_openmp,76,0,384,384,147456,2557,3.3533,762.54,112.4,3.394163968,253.90,0.07,7529%,88996,26,4245,109,2535,2026-07-23T01:26:10.951832787+00:00,2026-07-23T01:26:14.348984525+00:00,0,cpu-q-494,final_version,d6a3289d2ea4e6cb69616ff596d3942e80ab2a4f
mhd,31918140_0,31918140,0,31918140_0/cpu_openmp/cpu_openmp_hll.csv,1,cpu_openmp,orszag_tang,hll,2,2,3,repository_default_openmp,76,0,384,384,147456,2557,3.3381,766.00,113.0,3.375555328,252.40,0.12,7520%,89320,16,4838,324,2530,2026-07-23T01:26:14.395545516+00:00,2026-07-23T01:26:17.774404102+00:00,0,cpu-q-494,final_version,d6a3289d2ea4e6cb69616ff596d3942e80ab2a4f
mhd,31918140_0,31918140,0,31918140_0/cpu_openmp/cpu_openmp_hll.csv,1,cpu_openmp,orszag_tang,hll,2,3,3,repository_default_openmp,76,0,384,384,147456,2557,3.2889,777.45,114.6,3.437549312,248.98,0.11,7525%,89192,23,4306,101,2303,2026-07-23T01:26:17.821425047+00:00,2026-07-23T01:26:21.262221493+00:00,0,cpu-q-494,final_version,d6a3289d2ea4e6cb69616ff596d3942e80ab2a4f
mhd,31918140_0,31918140,0,31918140_0/cpu_openmp/cpu_openmp_hll.csv,1,cpu_openmp,orszag_tang,hll,4,1,1,repository_default_openmp,76,0,768,768,589824,5261,41.3497,127.23,75.0,41.458641920,3113.10,0.78,7517%,339160,57,4929,5247,26039,2026-07-23T01:26:53.204148917+00:00,2026-07-23T01:27:34.665834930+00:00,0,cpu-q-494,final_version,d6a3289d2ea4e6cb69616ff596d3942e80ab2a4f
mhd,31918140_0,31918140,0,31918140_0/cpu_openmp/cpu_openmp_hll.csv,1,cpu_openmp,orszag_tang,hll,8,1,1,repository_default_openmp,76,0,1536,1536,2359296,10820,519.0828,20.84,49.2,519.384260864,39135.01,5.15,7536%,1339444,39,5093,7727,315970,2026-07-23T01:29:34.429391183+00:00,2026-07-23T01:38:13.816731047+00:00,0,cpu-q-494,final_version,d6a3289d2ea4e6cb69616ff596d3942e80ab2a4f
mhd,31921281_1,31921281,1,31921281_1/cpu_openmp/cpu_openmp_hllc.csv,1,cpu_openmp,orszag_tang,hllc,1,1,3,repository_default_openmp,76,0,192,192,36864,1264,0.8882,1423.17,52.5,0.955086080,67.25,0.06,7479%,26164,23,5033,65,713,2026-07-23T01:55:39.484483191+00:00,2026-07-23T01:55:40.442576749+00:00,0,cpu-q-130,final_version,d6a3289d2ea4e6cb69616ff596d3942e80ab2a4f
mhd,31921281_1,31921281,1,31921281_1/cpu_openmp/cpu_openmp_hllc.csv,1,cpu_openmp,orszag_tang,hllc,1,2,3,repository_default_openmp,76,0,192,192,36864,1264,0.8433,1498.96,55.3,0.864630784,63.92,0.01,7504%,26552,23,5023,42,596,2026-07-23T01:55:41.607183328+00:00,2026-07-23T01:55:42.474889123+00:00,0,cpu-q-130,final_version,d6a3289d2ea4e6cb69616ff596d3942e80ab2a4f
mhd,31921281_1,31921281,1,31921281_1/cpu_openmp/cpu_openmp_hllc.csv,1,cpu_openmp,orszag_tang,hllc,1,3,3,repository_default_openmp,76,0,192,192,36864,1264,0.8489,1488.99,54.9,0.874361344,64.29,0.09,7504%,26168,50,4938,69,593,2026-07-23T01:55:42.522654850+00:00,2026-07-23T01:55:43.400288996+00:00,0,cpu-q-130,final_version,d6a3289d2ea4e6cb69616ff596d3942e80ab2a4f
mhd,31921281_1,31921281,1,31921281_1/cpu_openmp/cpu_openmp_hllc.csv,1,cpu_openmp,orszag_tang,hllc,2,1,3,repository_default_openmp,76,0,384,384,147456,2626,4.0537,647.80,95.5,4.140948480,305.99,0.18,7515%,89008,30,4844,272,3263,2026-07-23T01:55:46.512534910+00:00,2026-07-23T01:55:50.656526924+00:00,0,cpu-q-130,final_version,d6a3289d2ea4e6cb69616ff596d3942e80ab2a4f
mhd,31921281_1,31921281,1,31921281_1/cpu_openmp/cpu_openmp_hllc.csv,1,cpu_openmp,orszag_tang,hllc,2,2,3,repository_default_openmp,76,0,384,384,147456,2626,3.9609,662.98,97.8,4.129762816,299.94,0.11,7535%,89408,48,4766,159,2341,2026-07-23T01:55:50.702128785+00:00,2026-07-23T01:55:54.835103714+00:00,0,cpu-q-130,final_version,d6a3289d2ea4e6cb69616ff596d3942e80ab2a4f
mhd,31921281_1,31921281,1,31921281_1/cpu_openmp/cpu_openmp_hllc.csv,1,cpu_openmp,orszag_tang,hllc,2,3,3,repository_default_openmp,76,0,384,384,147456,2626,3.9768,660.34,97.4,4.023260672,301.11,0.12,7536%,89208,56,4283,168,2620,2026-07-23T01:55:54.880399701+00:00,2026-07-23T01:55:58.906925287+00:00,0,cpu-q-130,final_version,d6a3289d2ea4e6cb69616ff596d3942e80ab2a4f
mhd,31921281_1,31921281,1,31921281_1/cpu_openmp/cpu_openmp_hllc.csv,1,cpu_openmp,orszag_tang,hllc,4,1,1,repository_default_openmp,76,0,768,768,589824,5421,45.4973,119.15,70.3,45.608600320,3425.65,0.87,7519%,339276,40,4490,5255,29092,2026-07-23T01:56:33.854402525+00:00,2026-07-23T01:57:19.466320918+00:00,0,cpu-q-130,final_version,d6a3289d2ea4e6cb69616ff596d3942e80ab2a4f
mhd,31921281_1,31921281,1,31921281_1/cpu_openmp/cpu_openmp_hllc.csv,1,cpu_openmp,orszag_tang,hllc,8,1,1,repository_default_openmp,76,0,1536,1536,2359296,11093,538.1919,20.61,48.6,538.498423808,40572.56,5.60,7535%,1338420,258,5826,9248,340646,2026-07-23T01:59:26.394107904+00:00,2026-07-23T02:08:24.895831401+00:00,0,cpu-q-130,final_version,d6a3289d2ea4e6cb69616ff596d3942e80ab2a4f
mhd,31923791_2,31923791,2,31923791_2/cpu_openmp/cpu_openmp_hlld.csv,1,cpu_openmp,orszag_tang,hlld,1,1,3,repository_default_openmp,76,0,192,192,36864,1280,0.8814,1452.17,53.5,0.922127104,66.76,0.09,7512%,26448,39,5147,64,507,2026-07-23T02:27:04.734947048+00:00,2026-07-23T02:27:05.660177126+00:00,0,cpu-q-130,final_version,d6a3289d2ea4e6cb69616ff596d3942e80ab2a4f
mhd,31923791_2,31923791,2,31923791_2/cpu_openmp/cpu_openmp_hlld.csv,1,cpu_openmp,orszag_tang,hlld,1,2,3,repository_default_openmp,76,0,192,192,36864,1280,0.8922,1434.68,52.9,0.915568128,67.49,0.16,7509%,26164,67,5022,96,602,2026-07-23T02:27:06.741361709+00:00,2026-07-23T02:27:07.659904641+00:00,0,cpu-q-130,final_version,d6a3289d2ea4e6cb69616ff596d3942e80ab2a4f
mhd,31923791_2,31923791,2,31923791_2/cpu_openmp/cpu_openmp_hlld.csv,1,cpu_openmp,orszag_tang,hlld,1,3,3,repository_default_openmp,76,0,192,192,36864,1280,0.8530,1500.55,55.3,0.880826624,64.57,0.11,7512%,26284,81,4615,119,599,2026-07-23T02:27:07.705951007+00:00,2026-07-23T02:27:08.590045421+00:00,0,cpu-q-130,final_version,d6a3289d2ea4e6cb69616ff596d3942e80ab2a4f
mhd,31923791_2,31923791,2,31923791_2/cpu_openmp/cpu_openmp_hlld.csv,1,cpu_openmp,orszag_tang,hlld,2,1,3,repository_default_openmp,76,0,384,384,147456,2645,4.6306,571.20,84.2,4.675870720,350.70,0.10,7542%,89124,69,4508,177,3332,2026-07-23T02:27:12.061289474+00:00,2026-07-23T02:27:16.740291620+00:00,0,cpu-q-130,final_version,d6a3289d2ea4e6cb69616ff596d3942e80ab2a4f
mhd,31923791_2,31923791,2,31923791_2/cpu_openmp/cpu_openmp_hlld.csv,1,cpu_openmp,orszag_tang,hlld,2,2,3,repository_default_openmp,76,0,384,384,147456,2645,4.6473,569.15,83.9,4.695440640,351.88,0.04,7539%,88936,77,4442,406,3348,2026-07-23T02:27:16.786448162+00:00,2026-07-23T02:27:21.485049332+00:00,0,cpu-q-130,final_version,d6a3289d2ea4e6cb69616ff596d3942e80ab2a4f
mhd,31923791_2,31923791,2,31923791_2/cpu_openmp/cpu_openmp_hlld.csv,1,cpu_openmp,orszag_tang,hlld,2,3,3,repository_default_openmp,76,0,384,384,147456,2645,4.6172,572.85,84.5,4.693673728,349.55,0.26,7542%,89004,59,5062,151,3180,2026-07-23T02:27:21.532590102+00:00,2026-07-23T02:27:26.229493553+00:00,0,cpu-q-130,final_version,d6a3289d2ea4e6cb69616ff596d3942e80ab2a4f
mhd,31923791_2,31923791,2,31923791_2/cpu_openmp/cpu_openmp_hlld.csv,1,cpu_openmp,orszag_tang,hlld,4,1,1,repository_default_openmp,76,0,768,768,589824,5419,49.2604,110.01,64.9,49.372881152,3710.92,0.73,7523%,339496,70,5112,5508,31018,2026-07-23T02:28:04.253460259+00:00,2026-07-23T02:28:53.629501221+00:00,0,cpu-q-130,final_version,d6a3289d2ea4e6cb69616ff596d3942e80ab2a4f
mhd,31923791_2,31923791,2,31923791_2/cpu_openmp/cpu_openmp_hlld.csv,1,cpu_openmp,orszag_tang,hlld,8,1,1,repository_default_openmp,76,0,1536,1536,2359296,11108,543.4461,20.44,48.2,543.756651520,40970.43,5.20,7536%,1339228,70,5164,9361,340412,2026-07-23T02:31:05.652651575+00:00,2026-07-23T02:40:09.412301642+00:00,0,cpu-q-130,final_version,d6a3289d2ea4e6cb69616ff596d3942e80ab2a4f
mhd,31917912_3,31917912,3,31917912_3/cpu_openmp/cpu_openmp_force.csv,1,cpu_openmp,rotor,force,1,1,3,repository_default_openmp,76,0,400,400,160000,531,0.7844,676.93,108.3,0.820341504,59.21,0.02,7386%,97800,36,5629,120,598,2026-07-23T02:59:20.067398116+00:00,2026-07-23T02:59:20.890841186+00:00,0,cpu-q-240,final_version,d6a3289d2ea4e6cb69616ff596d3942e80ab2a4f
mhd,31917912_3,31917912,3,31917912_3/cpu_openmp/cpu_openmp_force.csv,1,cpu_openmp,rotor,force,1,2,3,repository_default_openmp,76,0,400,400,160000,531,0.7981,665.32,106.5,0.832711424,60.17,0.10,7386%,95988,49,4469,151,484,2026-07-23T02:59:20.936617240+00:00,2026-07-23T02:59:21.772529233+00:00,0,cpu-q-240,final_version,d6a3289d2ea4e6cb69616ff596d3942e80ab2a4f
mhd,31917912_3,31917912,3,31917912_3/cpu_openmp/cpu_openmp_force.csv,1,cpu_openmp,rotor,force,1,3,3,repository_default_openmp,76,0,400,400,160000,531,0.7999,663.80,106.2,0.858284032,60.34,0.07,7377%,96040,43,4542,133,588,2026-07-23T02:59:21.819138323+00:00,2026-07-23T02:59:22.680574779+00:00,0,cpu-q-240,final_version,d6a3289d2ea4e6cb69616ff596d3942e80ab2a4f
mhd,31917912_3,31917912,3,31917912_3/cpu_openmp/cpu_openmp_force.csv,1,cpu_openmp,rotor,force,2,1,3,repository_default_openmp,76,0,800,800,640000,1113,10.7447,103.59,66.3,10.826439424,809.18,0.23,7491%,367268,57,4856,363,6820,2026-07-23T02:59:34.112773585+00:00,2026-07-23T02:59:44.942341062+00:00,0,cpu-q-240,final_version,d6a3289d2ea4e6cb69616ff596d3942e80ab2a4f
mhd,31917912_3,31917912,3,31917912_3/cpu_openmp/cpu_openmp_force.csv,1,cpu_openmp,rotor,force,2,2,3,repository_default_openmp,76,0,800,800,640000,1113,10.6945,104.07,66.6,10.776584704,805.27,0.24,7487%,367156,64,4849,376,6752,2026-07-23T02:59:44.990145697+00:00,2026-07-23T02:59:55.769899869+00:00,0,cpu-q-240,final_version,d6a3289d2ea4e6cb69616ff596d3942e80ab2a4f
mhd,31917912_3,31917912,3,31917912_3/cpu_openmp/cpu_openmp_force.csv,1,cpu_openmp,rotor,force,2,3,3,repository_default_openmp,76,0,800,800,640000,1113,10.7914,103.14,66.0,10.869001216,812.26,0.23,7485%,367416,58,4857,580,7285,2026-07-23T02:59:55.817902431+00:00,2026-07-23T03:00:06.690296840+00:00,0,cpu-q-240,final_version,d6a3289d2ea4e6cb69616ff596d3942e80ab2a4f
mhd,31917912_3,31917912,3,31917912_3/cpu_openmp/cpu_openmp_force.csv,1,cpu_openmp,rotor,force,4,1,1,repository_default_openmp,76,0,1600,1600,2560000,2291,121.8432,18.80,48.1,122.104857600,9197.02,1.25,7534%,1450276,56,5246,1451,76788,2026-07-23T03:00:49.128364494+00:00,2026-07-23T03:02:51.236314629+00:00,0,cpu-q-240,final_version,d6a3289d2ea4e6cb69616ff596d3942e80ab2a4f
mhd,31917912_3,31917912,3,31917912_3/cpu_openmp/cpu_openmp_force.csv,1,cpu_openmp,rotor,force,8,1,1,repository_default_openmp,76,0,3200,3200,10240000,4671,1047.5455,4.46,45.7,1048.502742784,72682.64,18.67,6934%,5775900,54,7422,1611831,426557,2026-07-23T03:11:38.185718902+00:00,2026-07-23T03:29:06.691537472+00:00,0,cpu-q-240,final_version,d6a3289d2ea4e6cb69616ff596d3942e80ab2a4f
mhd,31918140_0,31918140,0,31918140_0/cpu_openmp/cpu_openmp_hll.csv,1,cpu_openmp,rotor,hll,1,1,3,repository_default_openmp,76,0,400,400,160000,512,0.6851,747.30,119.6,0.733383168,51.65,0.09,7372%,95960,54,4463,145,480,2026-07-23T01:26:08.589811115+00:00,2026-07-23T01:26:09.326197783+00:00,0,cpu-q-494,final_version,d6a3289d2ea4e6cb69616ff596d3942e80ab2a4f
mhd,31918140_0,31918140,0,31918140_0/cpu_openmp/cpu_openmp_hll.csv,1,cpu_openmp,rotor,hll,1,2,3,repository_default_openmp,76,0,400,400,160000,512,0.6940,737.76,118.0,0.730253568,52.31,0.08,7369%,95948,35,4483,125,433,2026-07-23T01:26:09.371363527+00:00,2026-07-23T01:26:10.105092430+00:00,0,cpu-q-494,final_version,d6a3289d2ea4e6cb69616ff596d3942e80ab2a4f
mhd,31918140_0,31918140,0,31918140_0/cpu_openmp/cpu_openmp_hll.csv,1,cpu_openmp,rotor,hll,1,3,3,repository_default_openmp,76,0,400,400,160000,512,0.6973,734.29,117.5,0.751078400,52.61,0.01,7361%,96000,22,4496,102,476,2026-07-23T01:26:10.151776648+00:00,2026-07-23T01:26:10.905800984+00:00,0,cpu-q-494,final_version,d6a3289d2ea4e6cb69616ff596d3942e80ab2a4f
mhd,31918140_0,31918140,0,31918140_0/cpu_openmp/cpu_openmp_hll.csv,1,cpu_openmp,rotor,hll,2,1,3,repository_default_openmp,76,0,800,800,640000,1088,10.7643,101.07,64.7,10.847416576,793.66,0.19,7334%,367080,46,4352,2394,6683,2026-07-23T01:26:21.306022590+00:00,2026-07-23T01:26:32.156515674+00:00,0,cpu-q-494,final_version,d6a3289d2ea4e6cb69616ff596d3942e80ab2a4f
mhd,31918140_0,31918140,0,31918140_0/cpu_openmp/cpu_openmp_hll.csv,1,cpu_openmp,rotor,hll,2,2,3,repository_default_openmp,76,0,800,800,640000,1088,10.3249,105.38,67.4,10.411839232,776.65,0.26,7479%,367192,43,4870,367,6863,2026-07-23T01:26:32.203550609+00:00,2026-07-23T01:26:42.618719658+00:00,0,cpu-q-494,final_version,d6a3289d2ea4e6cb69616ff596d3942e80ab2a4f
mhd,31918140_0,31918140,0,31918140_0/cpu_openmp/cpu_openmp_hll.csv,1,cpu_openmp,rotor,hll,2,3,3,repository_default_openmp,76,0,800,800,640000,1088,10.3972,104.64,67.0,10.486754560,781.88,0.18,7476%,367324,38,4415,582,7192,2026-07-23T01:26:42.666952548+00:00,2026-07-23T01:26:53.156860343+00:00,0,cpu-q-494,final_version,d6a3289d2ea4e6cb69616ff596d3942e80ab2a4f
mhd,31918140_0,31918140,0,31918140_0/cpu_openmp/cpu_openmp_hll.csv,1,cpu_openmp,rotor,hll,4,1,1,repository_default_openmp,76,0,1600,1600,2560000,2259,119.3803,18.92,48.4,119.670813696,9001.22,1.28,7526%,1450260,56,5242,1837,77837,2026-07-23T01:27:34.711808058+00:00,2026-07-23T01:29:34.385678430+00:00,0,cpu-q-494,final_version,d6a3289d2ea4e6cb69616ff596d3942e80ab2a4f
mhd,31918140_0,31918140,0,31918140_0/cpu_openmp/cpu_openmp_hll.csv,1,cpu_openmp,rotor,hll,8,1,1,repository_default_openmp,76,0,3200,3200,10240000,4627,1024.1934,4.52,46.3,1025.132398592,70959.21,18.93,6923%,5775896,42,7502,1532289,405863,2026-07-23T01:38:13.863198323+00:00,2026-07-23T01:55:18.998608438+00:00,0,cpu-q-494,final_version,d6a3289d2ea4e6cb69616ff596d3942e80ab2a4f
mhd,31921281_1,31921281,1,31921281_1/cpu_openmp/cpu_openmp_hllc.csv,1,cpu_openmp,rotor,hllc,1,1,3,repository_default_openmp,76,0,400,400,160000,565,0.9302,607.42,97.2,0.966160384,70.22,0.10,7419%,95868,41,4605,117,609,2026-07-23T01:55:43.446383643+00:00,2026-07-23T01:55:44.415851023+00:00,0,cpu-q-130,final_version,d6a3289d2ea4e6cb69616ff596d3942e80ab2a4f
mhd,31921281_1,31921281,1,31921281_1/cpu_openmp/cpu_openmp_hllc.csv,1,cpu_openmp,rotor,hllc,1,2,3,repository_default_openmp,76,0,400,400,160000,565,0.9299,607.58,97.2,0.972707328,70.19,0.08,7413%,95832,44,4476,166,642,2026-07-23T01:55:44.463436220+00:00,2026-07-23T01:55:45.439336465+00:00,0,cpu-q-130,final_version,d6a3289d2ea4e6cb69616ff596d3942e80ab2a4f
mhd,31921281_1,31921281,1,31921281_1/cpu_openmp/cpu_openmp_hllc.csv,1,cpu_openmp,rotor,hllc,1,3,3,repository_default_openmp,76,0,400,400,160000,565,0.9235,611.77,97.9,0.977405440,69.70,0.08,7417%,95916,47,4546,145,662,2026-07-23T01:55:45.486043807+00:00,2026-07-23T01:55:46.466617733+00:00,0,cpu-q-130,final_version,d6a3289d2ea4e6cb69616ff596d3942e80ab2a4f
mhd,31921281_1,31921281,1,31921281_1/cpu_openmp/cpu_openmp_hllc.csv,1,cpu_openmp,rotor,hllc,2,1,3,repository_default_openmp,76,0,800,800,640000,1157,11.5125,100.50,64.3,11.599956992,866.74,0.27,7492%,367268,38,4934,375,7555,2026-07-23T01:55:58.953756981+00:00,2026-07-23T01:56:10.556753638+00:00,0,cpu-q-130,final_version,d6a3289d2ea4e6cb69616ff596d3942e80ab2a4f
mhd,31921281_1,31921281,1,31921281_1/cpu_openmp/cpu_openmp_hllc.csv,1,cpu_openmp,rotor,hllc,2,2,3,repository_default_openmp,76,0,800,800,640000,1157,11.5003,100.61,64.4,11.596692992,865.39,0.23,7486%,367156,51,4868,455,7901,2026-07-23T01:56:10.603175005+00:00,2026-07-23T01:56:22.202927254+00:00,0,cpu-q-130,final_version,d6a3289d2ea4e6cb69616ff596d3942e80ab2a4f
mhd,31921281_1,31921281,1,31921281_1/cpu_openmp/cpu_openmp_hllc.csv,1,cpu_openmp,rotor,hllc,2,3,3,repository_default_openmp,76,0,800,800,640000,1157,11.4688,100.88,64.6,11.553193728,863.33,0.26,7488%,367376,34,4951,359,7632,2026-07-23T01:56:22.249461602+00:00,2026-07-23T01:56:33.805945268+00:00,0,cpu-q-130,final_version,d6a3289d2ea4e6cb69616ff596d3942e80ab2a4f
mhd,31921281_1,31921281,1,31921281_1/cpu_openmp/cpu_openmp_hllc.csv,1,cpu_openmp,rotor,hllc,4,1,1,repository_default_openmp,76,0,1600,1600,2560000,2349,126.5685,18.56,47.5,126.830091520,9549.18,1.23,7531%,1450288,43,5264,1275,78128,2026-07-23T01:57:19.513014069+00:00,2026-07-23T01:59:26.346159894+00:00,0,cpu-q-130,final_version,d6a3289d2ea4e6cb69616ff596d3942e80ab2a4f
mhd,31921281_1,31921281,1,31921281_1/cpu_openmp/cpu_openmp_hllc.csv,1,cpu_openmp,rotor,hllc,8,1,1,repository_default_openmp,76,0,3200,3200,10240000,4748,1074.7038,4.42,45.2,1076.578992640,75415.11,16.94,7012%,5775860,59,7422,1478099,445616,2026-07-23T02:08:25.380814943+00:00,2026-07-23T02:26:21.962723983+00:00,0,cpu-q-130,final_version,d6a3289d2ea4e6cb69616ff596d3942e80ab2a4f
mhd,31923791_2,31923791,2,31923791_2/cpu_openmp/cpu_openmp_hlld.csv,1,cpu_openmp,rotor,hlld,1,1,3,repository_default_openmp,76,0,400,400,160000,561,1.0293,545.04,87.2,1.069547776,77.75,0.09,7435%,95956,73,4691,190,674,2026-07-23T02:27:08.636621414+00:00,2026-07-23T02:27:09.709245291+00:00,0,cpu-q-130,final_version,d6a3289d2ea4e6cb69616ff596d3942e80ab2a4f
mhd,31923791_2,31923791,2,31923791_2/cpu_openmp/cpu_openmp_hlld.csv,1,cpu_openmp,rotor,hlld,1,2,3,repository_default_openmp,76,0,400,400,160000,561,1.0487,534.97,85.6,1.089917696,79.19,0.10,7431%,95948,62,4689,173,698,2026-07-23T02:27:09.755691013+00:00,2026-07-23T02:27:10.848741367+00:00,0,cpu-q-130,final_version,d6a3289d2ea4e6cb69616ff596d3942e80ab2a4f
mhd,31923791_2,31923791,2,31923791_2/cpu_openmp/cpu_openmp_hlld.csv,1,cpu_openmp,rotor,hlld,1,3,3,repository_default_openmp,76,0,400,400,160000,561,1.0517,533.40,85.3,1.117381632,79.40,0.12,7432%,95960,50,4754,145,753,2026-07-23T02:27:10.895321649+00:00,2026-07-23T02:27:12.015753980+00:00,0,cpu-q-130,final_version,d6a3289d2ea4e6cb69616ff596d3942e80ab2a4f
mhd,31923791_2,31923791,2,31923791_2/cpu_openmp/cpu_openmp_hlld.csv,1,cpu_openmp,rotor,hlld,2,1,3,repository_default_openmp,76,0,800,800,640000,1155,12.4479,92.79,59.4,12.529586432,937.63,0.22,7498%,367348,63,4950,422,8153,2026-07-23T02:27:26.275023840+00:00,2026-07-23T02:27:38.807806763+00:00,0,cpu-q-130,final_version,d6a3289d2ea4e6cb69616ff596d3942e80ab2a4f
mhd,31923791_2,31923791,2,31923791_2/cpu_openmp/cpu_openmp_hlld.csv,1,cpu_openmp,rotor,hlld,2,2,3,repository_default_openmp,76,0,800,800,640000,1155,12.5173,92.27,59.1,12.603760640,942.26,0.19,7491%,367428,31,5083,509,8293,2026-07-23T02:27:38.854724994+00:00,2026-07-23T02:27:51.461684610+00:00,0,cpu-q-130,final_version,d6a3289d2ea4e6cb69616ff596d3942e80ab2a4f
mhd,31923791_2,31923791,2,31923791_2/cpu_openmp/cpu_openmp_hlld.csv,1,cpu_openmp,rotor,hlld,2,3,3,repository_default_openmp,76,0,800,800,640000,1155,12.4691,92.63,59.3,12.693954560,938.17,0.18,7487%,367328,71,4454,481,7002,2026-07-23T02:27:51.508554108+00:00,2026-07-23T02:28:04.205774891+00:00,0,cpu-q-130,final_version,d6a3289d2ea4e6cb69616ff596d3942e80ab2a4f
mhd,31923791_2,31923791,2,31923791_2/cpu_openmp/cpu_openmp_hlld.csv,1,cpu_openmp,rotor,hlld,4,1,1,repository_default_openmp,76,0,1600,1600,2560000,2348,131.6592,17.83,45.7,131.925697280,9934.09,1.22,7532%,1450016,63,5412,1489,82730,2026-07-23T02:28:53.675979126+00:00,2026-07-23T02:31:05.604776554+00:00,0,cpu-q-130,final_version,d6a3289d2ea4e6cb69616ff596d3942e80ab2a4f
mhd,31923791_2,31923791,2,31923791_2/cpu_openmp/cpu_openmp_hlld.csv,1,cpu_openmp,rotor,hlld,8,1,1,repository_default_openmp,76,0,3200,3200,10240000,4747,1114.1926,4.26,43.6,1115.188480768,77863.96,17.86,6984%,5775712,62,7512,1543310,395834,2026-07-23T02:40:09.457223887+00:00,2026-07-23T02:58:44.648691012+00:00,0,cpu-q-130,final_version,d6a3289d2ea4e6cb69616ff596d3942e80ab2a4f
mhd,31917914_3,31917914,3,31917914_3/mpi/mpi_force.csv,1,mpi,orszag_tang,force,1,1,3,repository_default_pure_mpi,1,76,192,192,36864,1251,0.8522,1467.91,54.1,6.043506688,0.02,0.03,0%,10044,0,2643,274,153,2026-07-23T04:31:40.552290262+00:00,2026-07-23T04:31:46.598833241+00:00,0,cpu-q-124,final_version,f2368531ff3569e80ddd05ba9f5c61282dd346d2
mhd,31917914_3,31917914,3,31917914_3/mpi/mpi_force.csv,1,mpi,orszag_tang,force,1,2,3,repository_default_pure_mpi,1,76,192,192,36864,1251,0.5774,2166.58,79.9,5.597560832,0.01,0.04,1%,10092,0,2651,269,152,2026-07-23T04:31:47.382522466+00:00,2026-07-23T04:31:52.983323957+00:00,0,cpu-q-124,final_version,f2368531ff3569e80ddd05ba9f5c61282dd346d2
mhd,31917914_3,31917914,3,31917914_3/mpi/mpi_force.csv,1,mpi,orszag_tang,force,1,3,3,repository_default_pure_mpi,1,76,192,192,36864,1251,0.4076,3069.40,113.2,5.614389760,0.02,0.03,1%,10084,0,2650,246,152,2026-07-23T04:31:53.030210813+00:00,2026-07-23T04:31:58.647900698+00:00,0,cpu-q-124,final_version,f2368531ff3569e80ddd05ba9f5c61282dd346d2
mhd,31917914_3,31917914,3,31917914_3/mpi/mpi_force.csv,1,mpi,orszag_tang,force,2,1,3,repository_default_pure_mpi,1,76,384,384,147456,2587,3.6866,701.73,103.5,9.284409600,0.02,0.03,0%,10100,0,2656,271,152,2026-07-23T04:32:17.389836410+00:00,2026-07-23T04:32:26.677326439+00:00,0,cpu-q-124,final_version,f2368531ff3569e80ddd05ba9f5c61282dd346d2
mhd,31917914_3,31917914,3,31917914_3/mpi/mpi_force.csv,1,mpi,orszag_tang,force,2,2,3,repository_default_pure_mpi,1,76,384,384,147456,2587,3.4134,757.90,111.8,8.760703232,0.02,0.03,0%,10096,0,2662,265,152,2026-07-23T04:32:26.722932721+00:00,2026-07-23T04:32:35.486668185+00:00,0,cpu-q-124,final_version,f2368531ff3569e80ddd05ba9f5c61282dd346d2
mhd,31917914_3,31917914,3,31917914_3/mpi/mpi_force.csv,1,mpi,orszag_tang,force,2,3,3,repository_default_pure_mpi,1,76,384,384,147456,2587,3.3638,769.07,113.4,8.666184448,0.02,0.03,0%,10100,0,2656,267,152,2026-07-23T04:32:35.532304802+00:00,2026-07-23T04:32:44.201666481+00:00,0,cpu-q-124,final_version,f2368531ff3569e80ddd05ba9f5c61282dd346d2
mhd,31917914_3,31917914,3,31917914_3/mpi/mpi_force.csv,1,mpi,orszag_tang,force,4,1,1,repository_default_pure_mpi,1,76,768,768,589824,5329,33.6271,158.47,93.5,40.850027776,0.02,0.03,0%,10076,0,2645,284,152,2026-07-23T04:33:22.485420863+00:00,2026-07-23T04:34:03.338697578+00:00,0,cpu-q-124,final_version,f2368531ff3569e80ddd05ba9f5c61282dd346d2
mhd,31917914_3,31917914,3,31917914_3/mpi/mpi_force.csv,1,mpi,orszag_tang,force,8,1,1,repository_default_pure_mpi,1,76,1536,1536,2359296,10935,296.3723,36.90,87.0,301.767013632,0.02,0.04,0%,10020,0,2646,302,152,2026-07-23T04:35:15.390405219+00:00,2026-07-23T04:40:17.160598148+00:00,0,cpu-q-124,final_version,f2368531ff3569e80ddd05ba9f5c61282dd346d2
mhd,31926576_0,31926576,0,31926576_0/mpi/mpi_hll.csv,1,mpi,orszag_tang,hll,1,1,3,repository_default_pure_mpi,1,76,192,192,36864,1231,0.5327,2310.82,85.2,6.122616576,0.02,0.03,1%,10048,17,2651,301,152,2026-07-23T03:29:43.793943990+00:00,2026-07-23T03:29:49.919608245+00:00,0,cpu-q-240,final_version,d6a3289d2ea4e6cb69616ff596d3942e80ab2a4f
mhd,31926576_0,31926576,0,31926576_0/mpi/mpi_hll.csv,1,mpi,orszag_tang,hll,1,2,3,repository_default_pure_mpi,1,76,192,192,36864,1231,0.4341,2835.61,104.5,6.387156736,0.01,0.04,0%,10068,0,2665,257,152,2026-07-23T03:29:50.658842736+00:00,2026-07-23T03:29:57.049060230+00:00,0,cpu-q-240,final_version,d6a3289d2ea4e6cb69616ff596d3942e80ab2a4f
mhd,31926576_0,31926576,0,31926576_0/mpi/mpi_hll.csv,1,mpi,orszag_tang,hll,1,3,3,repository_default_pure_mpi,1,76,192,192,36864,1231,0.4142,2972.24,109.6,7.513398784,0.01,0.04,0%,10048,0,2655,238,152,2026-07-23T03:29:57.097540910+00:00,2026-07-23T03:30:04.614065054+00:00,0,cpu-q-240,final_version,d6a3289d2ea4e6cb69616ff596d3942e80ab2a4f
mhd,31926576_0,31926576,0,31926576_0/mpi/mpi_hll.csv,1,mpi,orszag_tang,hll,2,1,3,repository_default_pure_mpi,1,76,384,384,147456,2557,2.9344,871.40,128.5,9.953127936,0.03,0.03,0%,9976,0,2651,274,152,2026-07-23T03:30:31.643595568+00:00,2026-07-23T03:30:41.599900764+00:00,0,cpu-q-240,final_version,d6a3289d2ea4e6cb69616ff596d3942e80ab2a4f
mhd,31926576_0,31926576,0,31926576_0/mpi/mpi_hll.csv,1,mpi,orszag_tang,hll,2,2,3,repository_default_pure_mpi,1,76,384,384,147456,2557,2.8157,908.13,133.9,8.488547328,0.01,0.04,0%,10112,0,2651,275,152,2026-07-23T03:30:41.648340711+00:00,2026-07-23T03:30:50.140049772+00:00,0,cpu-q-240,final_version,d6a3289d2ea4e6cb69616ff596d3942e80ab2a4f
mhd,31926576_0,31926576,0,31926576_0/mpi/mpi_hll.csv,1,mpi,orszag_tang,hll,2,3,3,repository_default_pure_mpi,1,76,384,384,147456,2557,3.1292,817.15,120.5,8.155631104,0.02,0.04,0%,10048,0,2659,285,152,2026-07-23T03:30:50.188934123+00:00,2026-07-23T03:30:58.347849374+00:00,0,cpu-q-240,final_version,d6a3289d2ea4e6cb69616ff596d3942e80ab2a4f
mhd,31926576_0,31926576,0,31926576_0/mpi/mpi_hll.csv,1,mpi,orszag_tang,hll,4,1,1,repository_default_pure_mpi,1,76,768,768,589824,5261,30.2222,174.08,102.7,35.719777024,0.01,0.04,0%,10092,0,2649,271,152,2026-07-23T03:31:35.048870281+00:00,2026-07-23T03:32:10.771781058+00:00,0,cpu-q-240,final_version,d6a3289d2ea4e6cb69616ff596d3942e80ab2a4f
mhd,31926576_0,31926576,0,31926576_0/mpi/mpi_hll.csv,1,mpi,orszag_tang,hll,8,1,1,repository_default_pure_mpi,1,76,1536,1536,2359296,10820,268.3221,40.32,95.1,273.284672768,0.02,0.03,0%,10112,0,2649,313,152,2026-07-23T03:33:15.602559581+00:00,2026-07-23T03:37:48.890567480+00:00,0,cpu-q-240,final_version,d6a3289d2ea4e6cb69616ff596d3942e80ab2a4f
mhd,31927267_1,31927267,1,31927267_1/mpi/mpi_hllc.csv,1,mpi,orszag_tang,hllc,1,1,3,repository_default_pure_mpi,1,76,192,192,36864,1264,0.4814,2625.52,96.8,5.864006656,0.02,0.03,1%,10116,21,2634,366,152,2026-07-23T03:46:28.639934131+00:00,2026-07-23T03:46:34.507069235+00:00,0,cpu-q-124,final_version,d6a3289d2ea4e6cb69616ff596d3942e80ab2a4f
mhd,31927267_1,31927267,1,31927267_1/mpi/mpi_hllc.csv,1,mpi,orszag_tang,hllc,1,2,3,repository_default_pure_mpi,1,76,192,192,36864,1264,0.6034,2094.92,77.2,5.818305792,0.02,0.03,1%,10084,0,2645,259,155,2026-07-23T03:46:35.545617227+00:00,2026-07-23T03:46:41.366807913+00:00,0,cpu-q-124,final_version,d6a3289d2ea4e6cb69616ff596d3942e80ab2a4f
mhd,31927267_1,31927267,1,31927267_1/mpi/mpi_hllc.csv,1,mpi,orszag_tang,hllc,1,3,3,repository_default_pure_mpi,1,76,192,192,36864,1264,0.5302,2383.89,87.9,7.883948800,0.01,0.04,0%,10088,0,2666,268,152,2026-07-23T03:46:41.413028049+00:00,2026-07-23T03:46:49.300162352+00:00,0,cpu-q-124,final_version,d6a3289d2ea4e6cb69616ff596d3942e80ab2a4f
mhd,31927267_1,31927267,1,31927267_1/mpi/mpi_hllc.csv,1,mpi,orszag_tang,hllc,2,1,3,repository_default_pure_mpi,1,76,384,384,147456,2626,3.6873,712.18,105.0,10.030318848,0.02,0.03,0%,10044,0,2645,267,153,2026-07-23T03:47:20.396609871+00:00,2026-07-23T03:47:30.430141371+00:00,0,cpu-q-124,final_version,d6a3289d2ea4e6cb69616ff596d3942e80ab2a4f
mhd,31927267_1,31927267,1,31927267_1/mpi/mpi_hllc.csv,1,mpi,orszag_tang,hllc,2,2,3,repository_default_pure_mpi,1,76,384,384,147456,2626,3.8100,689.24,101.6,10.673709568,0.01,0.04,0%,10076,0,2663,293,152,2026-07-23T03:47:30.476882854+00:00,2026-07-23T03:47:41.153768313+00:00,0,cpu-q-124,final_version,d6a3289d2ea4e6cb69616ff596d3942e80ab2a4f
mhd,31927267_1,31927267,1,31927267_1/mpi/mpi_hllc.csv,1,mpi,orszag_tang,hllc,2,3,3,repository_default_pure_mpi,1,76,384,384,147456,2626,3.7240,705.15,104.0,10.219781888,0.02,0.03,0%,10116,0,2648,289,152,2026-07-23T03:47:41.199913342+00:00,2026-07-23T03:47:51.423050869+00:00,0,cpu-q-124,final_version,d6a3289d2ea4e6cb69616ff596d3942e80ab2a4f
mhd,31927267_1,31927267,1,31927267_1/mpi/mpi_hllc.csv,1,mpi,orszag_tang,hllc,4,1,1,repository_default_pure_mpi,1,76,768,768,589824,5421,37.3283,145.22,85.7,43.853114624,0.01,0.04,0%,10060,0,2657,299,152,2026-07-23T03:48:33.521236993+00:00,2026-07-23T03:49:17.377493011+00:00,0,cpu-q-124,final_version,d6a3289d2ea4e6cb69616ff596d3942e80ab2a4f
mhd,31927267_1,31927267,1,31927267_1/mpi/mpi_hllc.csv,1,mpi,orszag_tang,hllc,8,1,1,repository_default_pure_mpi,1,76,1536,1536,2359296,11093,318.6197,34.82,82.1,324.790881536,0.01,0.04,0%,10088,0,2610,305,152,2026-07-23T03:50:38.388248131+00:00,2026-07-23T03:56:03.182547642+00:00,0,cpu-q-124,final_version,d6a3289d2ea4e6cb69616ff596d3942e80ab2a4f
mhd,31927991_2,31927991,2,31927991_2/mpi/mpi_hlld.csv,1,mpi,orszag_tang,hlld,1,1,3,repository_default_pure_mpi,1,76,192,192,36864,1280,1.0950,1169.00,43.1,6.589493504,0.02,0.03,0%,9972,0,2647,291,153,2026-07-23T04:06:16.813664996+00:00,2026-07-23T04:06:23.406207593+00:00,0,cpu-q-124,final_version,d6a3289d2ea4e6cb69616ff596d3942e80ab2a4f
mhd,31927991_2,31927991,2,31927991_2/mpi/mpi_hlld.csv,1,mpi,orszag_tang,hlld,1,2,3,repository_default_pure_mpi,1,76,192,192,36864,1280,0.7342,1743.45,64.3,6.239439360,0.02,0.03,0%,10076,0,2667,273,152,2026-07-23T04:06:24.154666658+00:00,2026-07-23T04:06:30.397257055+00:00,0,cpu-q-124,final_version,d6a3289d2ea4e6cb69616ff596d3942e80ab2a4f
mhd,31927991_2,31927991,2,31927991_2/mpi/mpi_hlld.csv,1,mpi,orszag_tang,hlld,1,3,3,repository_default_pure_mpi,1,76,192,192,36864,1280,1.1581,1105.23,40.7,6.632182784,0.02,0.03,0%,10044,0,2656,274,152,2026-07-23T04:06:30.444115323+00:00,2026-07-23T04:06:37.079472508+00:00,0,cpu-q-124,final_version,d6a3289d2ea4e6cb69616ff596d3942e80ab2a4f
mhd,31927991_2,31927991,2,31927991_2/mpi/mpi_hlld.csv,1,mpi,orszag_tang,hlld,2,1,3,repository_default_pure_mpi,1,76,384,384,147456,2645,6.1547,429.75,63.4,11.743734016,0.02,0.04,0%,9988,0,2659,273,152,2026-07-23T04:07:01.096205794+00:00,2026-07-23T04:07:12.843251825+00:00,0,cpu-q-124,final_version,d6a3289d2ea4e6cb69616ff596d3942e80ab2a4f
mhd,31927991_2,31927991,2,31927991_2/mpi/mpi_hlld.csv,1,mpi,orszag_tang,hlld,2,2,3,repository_default_pure_mpi,1,76,384,384,147456,2645,6.1623,429.22,63.3,11.936206080,0.01,0.04,0%,10084,0,2641,278,152,2026-07-23T04:07:12.889143553+00:00,2026-07-23T04:07:24.828533795+00:00,0,cpu-q-124,final_version,d6a3289d2ea4e6cb69616ff596d3942e80ab2a4f
mhd,31927991_2,31927991,2,31927991_2/mpi/mpi_hlld.csv,1,mpi,orszag_tang,hlld,2,3,3,repository_default_pure_mpi,1,76,384,384,147456,2645,6.3275,418.01,61.6,11.809303040,0.02,0.04,0%,10096,0,2659,283,152,2026-07-23T04:07:24.874814153+00:00,2026-07-23T04:07:36.687454636+00:00,0,cpu-q-124,final_version,d6a3289d2ea4e6cb69616ff596d3942e80ab2a4f
mhd,31927991_2,31927991,2,31927991_2/mpi/mpi_hlld.csv,1,mpi,orszag_tang,hlld,4,1,1,repository_default_pure_mpi,1,76,768,768,589824,5419,49.0969,110.37,65.1,55.388487168,0.02,0.03,0%,10008,0,2660,281,153,2026-07-23T04:08:28.524802138+00:00,2026-07-23T04:09:23.916261172+00:00,0,cpu-q-124,final_version,d6a3289d2ea4e6cb69616ff596d3942e80ab2a4f
mhd,31927991_2,31927991,2,31927991_2/mpi/mpi_hlld.csv,1,mpi,orszag_tang,hlld,8,1,1,repository_default_pure_mpi,1,76,1536,1536,2359296,11108,423.8908,26.20,61.8,429.012792320,0.02,0.04,0%,10088,0,2647,314,152,2026-07-23T04:11:11.557454690+00:00,2026-07-23T04:18:20.573473215+00:00,0,cpu-q-124,final_version,d6a3289d2ea4e6cb69616ff596d3942e80ab2a4f
mhd,31917914_3,31917914,3,31917914_3/mpi/mpi_force.csv,1,mpi,rotor,force,1,1,3,repository_default_pure_mpi,1,76,400,400,160000,531,0.8756,606.43,97.0,6.352013056,0.01,0.04,0%,10008,0,2660,213,152,2026-07-23T04:31:58.694962854+00:00,2026-07-23T04:32:05.050234790+00:00,0,cpu-q-124,final_version,f2368531ff3569e80ddd05ba9f5c61282dd346d2
mhd,31917914_3,31917914,3,31917914_3/mpi/mpi_force.csv,1,mpi,rotor,force,1,2,3,repository_default_pure_mpi,1,76,400,400,160000,531,0.7602,698.52,111.8,6.084119040,0.01,0.04,1%,10096,0,2655,217,152,2026-07-23T04:32:05.096789128+00:00,2026-07-23T04:32:11.184223633+00:00,0,cpu-q-124,final_version,f2368531ff3569e80ddd05ba9f5c61282dd346d2
mhd,31917914_3,31917914,3,31917914_3/mpi/mpi_force.csv,1,mpi,rotor,force,1,3,3,repository_default_pure_mpi,1,76,400,400,160000,531,0.7375,720.00,115.2,6.110981120,0.02,0.03,0%,10044,0,2645,197,152,2026-07-23T04:32:11.231233513+00:00,2026-07-23T04:32:17.345209056+00:00,0,cpu-q-124,final_version,f2368531ff3569e80ddd05ba9f5c61282dd346d2
mhd,31917914_3,31917914,3,31917914_3/mpi/mpi_force.csv,1,mpi,rotor,force,2,1,3,repository_default_pure_mpi,1,76,800,800,640000,1113,7.3751,150.91,96.6,12.820034304,0.01,0.02,0%,10080,0,2654,220,153,2026-07-23T04:32:44.248232214+00:00,2026-07-23T04:32:57.071394575+00:00,0,cpu-q-124,final_version,f2368531ff3569e80ddd05ba9f5c61282dd346d2
mhd,31917914_3,31917914,3,31917914_3/mpi/mpi_force.csv,1,mpi,rotor,force,2,2,3,repository_default_pure_mpi,1,76,800,800,640000,1113,7.3206,152.04,97.3,12.731378432,0.01,0.04,0%,10052,0,2655,215,152,2026-07-23T04:32:57.118884866+00:00,2026-07-23T04:33:09.853419503+00:00,0,cpu-q-124,final_version,f2368531ff3569e80ddd05ba9f5c61282dd346d2
mhd,31917914_3,31917914,3,31917914_3/mpi/mpi_force.csv,1,mpi,rotor,force,2,3,3,repository_default_pure_mpi,1,76,800,800,640000,1113,7.3159,152.14,97.4,12.536387840,0.01,0.04,0%,10088,0,2668,216,152,2026-07-23T04:33:09.899810286+00:00,2026-07-23T04:33:22.439332722+00:00,0,cpu-q-124,final_version,f2368531ff3569e80ddd05ba9f5c61282dd346d2
mhd,31917914_3,31917914,3,31917914_3/mpi/mpi_force.csv,1,mpi,rotor,force,4,1,1,repository_default_pure_mpi,1,76,1600,1600,2560000,2291,66.6290,34.38,88.0,71.956836352,0.02,0.03,0%,10096,0,2655,214,152,2026-07-23T04:34:03.384816976+00:00,2026-07-23T04:35:15.344711204+00:00,0,cpu-q-124,final_version,f2368531ff3569e80ddd05ba9f5c61282dd346d2
mhd,31917914_3,31917914,3,31917914_3/mpi/mpi_force.csv,1,mpi,rotor,force,8,1,1,repository_default_pure_mpi,1,76,3200,3200,10240000,4671,539.7303,8.65,88.6,545.341276416,0.01,0.05,0%,10052,0,2650,259,152,2026-07-23T04:40:17.206990191+00:00,2026-07-23T04:49:22.551537665+00:00,0,cpu-q-124,final_version,f2368531ff3569e80ddd05ba9f5c61282dd346d2
mhd,31926576_0,31926576,0,31926576_0/mpi/mpi_hll.csv,1,mpi,rotor,hll,1,1,3,repository_default_pure_mpi,1,76,400,400,160000,512,0.8111,631.21,101.0,11.510916352,0.01,0.04,0%,10056,0,2645,214,152,2026-07-23T03:30:04.660412262+00:00,2026-07-23T03:30:16.174636800+00:00,0,cpu-q-240,final_version,d6a3289d2ea4e6cb69616ff596d3942e80ab2a4f
mhd,31926576_0,31926576,0,31926576_0/mpi/mpi_hll.csv,1,mpi,rotor,hll,1,2,3,repository_default_pure_mpi,1,76,400,400,160000,512,0.7622,671.75,107.5,7.832668928,0.02,0.03,0%,10088,0,2654,204,152,2026-07-23T03:30:16.222231185+00:00,2026-07-23T03:30:24.058280803+00:00,0,cpu-q-240,final_version,d6a3289d2ea4e6cb69616ff596d3942e80ab2a4f
mhd,31926576_0,31926576,0,31926576_0/mpi/mpi_hll.csv,1,mpi,rotor,hll,1,3,3,repository_default_pure_mpi,1,76,400,400,160000,512,0.6090,840.76,134.5,7.490776832,0.01,0.04,0%,10092,0,2653,220,152,2026-07-23T03:30:24.103668935+00:00,2026-07-23T03:30:31.597520810+00:00,0,cpu-q-240,final_version,d6a3289d2ea4e6cb69616ff596d3942e80ab2a4f
mhd,31926576_0,31926576,0,31926576_0/mpi/mpi_hll.csv,1,mpi,rotor,hll,2,1,3,repository_default_pure_mpi,1,76,800,800,640000,1088,6.9157,157.32,100.7,12.052128256,0.02,0.03,0%,10056,0,2659,219,152,2026-07-23T03:30:58.393921334+00:00,2026-07-23T03:31:10.449334647+00:00,0,cpu-q-240,final_version,d6a3289d2ea4e6cb69616ff596d3942e80ab2a4f
mhd,31926576_0,31926576,0,31926576_0/mpi/mpi_hll.csv,1,mpi,rotor,hll,2,2,3,repository_default_pure_mpi,1,76,800,800,640000,1088,6.5960,164.95,105.6,11.972732672,0.01,0.04,0%,10104,0,2650,217,152,2026-07-23T03:31:10.494904730+00:00,2026-07-23T03:31:22.470882862+00:00,0,cpu-q-240,final_version,d6a3289d2ea4e6cb69616ff596d3942e80ab2a4f
mhd,31926576_0,31926576,0,31926576_0/mpi/mpi_hll.csv,1,mpi,rotor,hll,2,3,3,repository_default_pure_mpi,1,76,800,800,640000,1088,7.0255,154.86,99.1,12.481118208,0.02,0.03,0%,10080,0,2645,218,152,2026-07-23T03:31:22.518570279+00:00,2026-07-23T03:31:35.002793323+00:00,0,cpu-q-240,final_version,d6a3289d2ea4e6cb69616ff596d3942e80ab2a4f
mhd,31926576_0,31926576,0,31926576_0/mpi/mpi_hll.csv,1,mpi,rotor,hll,4,1,1,repository_default_pure_mpi,1,76,1600,1600,2560000,2259,59.7584,37.80,96.8,64.733779712,0.02,0.03,0%,9960,0,2665,222,152,2026-07-23T03:32:10.818782583+00:00,2026-07-23T03:33:15.555601867+00:00,0,cpu-q-240,final_version,d6a3289d2ea4e6cb69616ff596d3942e80ab2a4f
mhd,31926576_0,31926576,0,31926576_0/mpi/mpi_hll.csv,1,mpi,rotor,hll,8,1,1,repository_default_pure_mpi,1,76,3200,3200,10240000,4627,500.8345,9.24,94.6,506.172096000,0.01,0.04,0%,10000,0,2646,268,152,2026-07-23T03:37:48.937832093+00:00,2026-07-23T03:46:15.113211937+00:00,0,cpu-q-240,final_version,d6a3289d2ea4e6cb69616ff596d3942e80ab2a4f
mhd,31927267_1,31927267,1,31927267_1/mpi/mpi_hllc.csv,1,mpi,rotor,hllc,1,1,3,repository_default_pure_mpi,1,76,400,400,160000,565,0.9624,587.07,93.9,8.029646080,0.01,0.04,0%,10060,0,2655,234,152,2026-07-23T03:46:49.346064726+00:00,2026-07-23T03:46:57.378787728+00:00,0,cpu-q-124,final_version,d6a3289d2ea4e6cb69616ff596d3942e80ab2a4f
mhd,31927267_1,31927267,1,31927267_1/mpi/mpi_hllc.csv,1,mpi,rotor,hllc,1,2,3,repository_default_pure_mpi,1,76,400,400,160000,565,1.2524,451.14,72.2,7.694114048,0.02,0.03,0%,9992,0,2649,211,151,2026-07-23T03:46:57.425275799+00:00,2026-07-23T03:47:05.122832808+00:00,0,cpu-q-124,final_version,d6a3289d2ea4e6cb69616ff596d3942e80ab2a4f
mhd,31927267_1,31927267,1,31927267_1/mpi/mpi_hllc.csv,1,mpi,rotor,hllc,1,3,3,repository_default_pure_mpi,1,76,400,400,160000,565,1.1175,505.59,80.9,15.179702528,0.01,0.04,0%,10108,0,2646,229,152,2026-07-23T03:47:05.168628585+00:00,2026-07-23T03:47:20.351476839+00:00,0,cpu-q-124,final_version,d6a3289d2ea4e6cb69616ff596d3942e80ab2a4f
mhd,31927267_1,31927267,1,31927267_1/mpi/mpi_hllc.csv,1,mpi,rotor,hllc,2,1,3,repository_default_pure_mpi,1,76,800,800,640000,1157,8.2034,141.04,90.3,13.876703488,0.02,0.03,0%,10080,0,2649,217,152,2026-07-23T03:47:51.470933407+00:00,2026-07-23T03:48:05.350578992+00:00,0,cpu-q-124,final_version,d6a3289d2ea4e6cb69616ff596d3942e80ab2a4f
mhd,31927267_1,31927267,1,31927267_1/mpi/mpi_hllc.csv,1,mpi,rotor,hllc,2,2,3,repository_default_pure_mpi,1,76,800,800,640000,1157,8.3780,138.10,88.4,14.129725440,0.01,0.04,0%,10104,0,2657,226,152,2026-07-23T03:48:05.397274422+00:00,2026-07-23T03:48:19.530163300+00:00,0,cpu-q-124,final_version,d6a3289d2ea4e6cb69616ff596d3942e80ab2a4f
mhd,31927267_1,31927267,1,31927267_1/mpi/mpi_hllc.csv,1,mpi,rotor,hllc,2,3,3,repository_default_pure_mpi,1,76,800,800,640000,1157,8.2596,140.08,89.7,13.896569088,0.01,0.04,0%,10056,0,2652,217,152,2026-07-23T03:48:19.574610168+00:00,2026-07-23T03:48:33.474399380+00:00,0,cpu-q-124,final_version,d6a3289d2ea4e6cb69616ff596d3942e80ab2a4f
mhd,31927267_1,31927267,1,31927267_1/mpi/mpi_hllc.csv,1,mpi,rotor,hllc,4,1,1,repository_default_pure_mpi,1,76,1600,1600,2560000,2349,71.5708,32.82,84.0,80.915665664,0.02,0.03,0%,10080,0,2660,227,152,2026-07-23T03:49:17.423029240+00:00,2026-07-23T03:50:38.341823885+00:00,0,cpu-q-124,final_version,d6a3289d2ea4e6cb69616ff596d3942e80ab2a4f
mhd,31927267_1,31927267,1,31927267_1/mpi/mpi_hllc.csv,1,mpi,rotor,hllc,8,1,1,repository_default_pure_mpi,1,76,3200,3200,10240000,4748,582.1372,8.16,83.5,589.174172160,0.01,0.04,0%,10080,0,2643,271,152,2026-07-23T03:56:03.743400611+00:00,2026-07-23T04:05:52.920746222+00:00,0,cpu-q-124,final_version,d6a3289d2ea4e6cb69616ff596d3942e80ab2a4f
mhd,31927991_2,31927991,2,31927991_2/mpi/mpi_hlld.csv,1,mpi,rotor,hlld,1,1,3,repository_default_pure_mpi,1,76,400,400,160000,561,1.5705,357.20,57.2,10.256179456,0.02,0.03,0%,10076,0,2650,215,152,2026-07-23T04:06:37.125734233+00:00,2026-07-23T04:06:47.385217868+00:00,0,cpu-q-124,final_version,d6a3289d2ea4e6cb69616ff596d3942e80ab2a4f
mhd,31927991_2,31927991,2,31927991_2/mpi/mpi_hlld.csv,1,mpi,rotor,hlld,1,2,3,repository_default_pure_mpi,1,76,400,400,160000,561,1.5777,355.58,56.9,6.629552128,0.02,0.03,0%,10052,0,2664,218,152,2026-07-23T04:06:47.431658043+00:00,2026-07-23T04:06:54.064578982+00:00,0,cpu-q-124,final_version,d6a3289d2ea4e6cb69616ff596d3942e80ab2a4f
mhd,31927991_2,31927991,2,31927991_2/mpi/mpi_hlld.csv,1,mpi,rotor,hlld,1,3,3,repository_default_pure_mpi,1,76,400,400,160000,561,1.5347,365.55,58.5,6.937075456,0.02,0.03,0%,10012,0,2655,223,152,2026-07-23T04:06:54.111108618+00:00,2026-07-23T04:07:01.051265135+00:00,0,cpu-q-124,final_version,d6a3289d2ea4e6cb69616ff596d3942e80ab2a4f
mhd,31927991_2,31927991,2,31927991_2/mpi/mpi_hlld.csv,1,mpi,rotor,hlld,2,1,3,repository_default_pure_mpi,1,76,800,800,640000,1155,11.6903,98.80,63.2,17.311804416,0.02,0.03,0%,10000,0,2642,226,152,2026-07-23T04:07:36.733627083+00:00,2026-07-23T04:07:54.048726986+00:00,0,cpu-q-124,final_version,d6a3289d2ea4e6cb69616ff596d3942e80ab2a4f
mhd,31927991_2,31927991,2,31927991_2/mpi/mpi_hlld.csv,1,mpi,rotor,hlld,2,2,3,repository_default_pure_mpi,1,76,800,800,640000,1155,11.2915,102.29,65.5,16.700343296,0.01,0.04,0%,10044,0,2647,216,152,2026-07-23T04:07:54.094695768+00:00,2026-07-23T04:08:10.798231698+00:00,0,cpu-q-124,final_version,d6a3289d2ea4e6cb69616ff596d3942e80ab2a4f
mhd,31927991_2,31927991,2,31927991_2/mpi/mpi_hlld.csv,1,mpi,rotor,hlld,2,3,3,repository_default_pure_mpi,1,76,800,800,640000,1155,11.7476,98.32,62.9,17.630532352,0.01,0.04,0%,10108,0,2661,201,152,2026-07-23T04:08:10.845540353+00:00,2026-07-23T04:08:28.479086572+00:00,0,cpu-q-124,final_version,d6a3289d2ea4e6cb69616ff596d3942e80ab2a4f
mhd,31927991_2,31927991,2,31927991_2/mpi/mpi_hlld.csv,1,mpi,rotor,hlld,4,1,1,repository_default_pure_mpi,1,76,1600,1600,2560000,2348,98.0591,23.94,61.3,107.542872832,0.01,0.04,0%,10036,0,2645,216,152,2026-07-23T04:09:23.964327582+00:00,2026-07-23T04:11:11.510237302+00:00,0,cpu-q-124,final_version,d6a3289d2ea4e6cb69616ff596d3942e80ab2a4f
mhd,31927991_2,31927991,2,31927991_2/mpi/mpi_hlld.csv,1,mpi,rotor,hlld,8,1,1,repository_default_pure_mpi,1,76,3200,3200,10240000,4747,779.5419,6.09,62.4,784.701414912,0.02,0.04,0%,9996,0,2650,282,152,2026-07-23T04:18:20.617786386+00:00,2026-07-23T04:31:25.322434209+00:00,0,cpu-q-124,final_version,d6a3289d2ea4e6cb69616ff596d3942e80ab2a4f
mhd,31917913_3,31917913,3,31917913_3/gpu/gpu_force.csv,1,gpu,orszag_tang,force,1,1,3,repository_default,0,0,192,192,36864,1251,1.354725e-01,9234.346454077,340.414947683,0.726165248,0.15,0.54,97%,136668,0,8895,65,3,2026-07-23T01:24:49.611693710+00:00,2026-07-23T01:24:50.344670290+00:00,0,gpu-q-4,final_version,d6a3289d2ea4e6cb69616ff596d3942e80ab2a4f
mhd,31917913_3,31917913,3,31917913_3/gpu/gpu_force.csv,1,gpu,orszag_tang,force,1,2,3,repository_default,0,0,192,192,36864,1251,1.350442e-01,9263.633684379,341.494592141,0.747113984,0.15,0.55,97%,136776,0,8374,64,3,2026-07-23T01:24:51.255192253+00:00,2026-07-23T01:24:52.008478778+00:00,0,gpu-q-4,final_version,d6a3289d2ea4e6cb69616ff596d3942e80ab2a4f
mhd,31917913_3,31917913,3,31917913_3/gpu/gpu_force.csv,1,gpu,orszag_tang,force,1,3,3,repository_default,0,0,192,192,36864,1251,1.355228e-01,9230.919077823,340.288600885,0.737964800,0.15,0.55,97%,134692,0,8382,64,3,2026-07-23T01:24:52.122255059+00:00,2026-07-23T01:24:52.866532840+00:00,0,gpu-q-4,final_version,d6a3289d2ea4e6cb69616ff596d3942e80ab2a4f
mhd,31917913_3,31917913,3,31917913_3/gpu/gpu_force.csv,1,gpu,orszag_tang,force,2,1,3,repository_default,0,0,384,384,147456,2587,5.233733e-01,4942.934612828,728.865366269,1.165136896,0.54,0.55,98%,152224,0,10789,71,6,2026-07-23T01:24:55.509864710+00:00,2026-07-23T01:24:56.681406875+00:00,0,gpu-q-4,final_version,d6a3289d2ea4e6cb69616ff596d3942e80ab2a4f
mhd,31917913_3,31917913,3,31917913_3/gpu/gpu_force.csv,1,gpu,orszag_tang,force,2,2,3,repository_default,0,0,384,384,147456,2587,5.281370e-01,4898.350238669,722.291132793,1.141093120,0.56,0.54,98%,152192,0,10797,74,7,2026-07-23T01:24:56.795235645+00:00,2026-07-23T01:24:57.942359600+00:00,0,gpu-q-4,final_version,d6a3289d2ea4e6cb69616ff596d3942e80ab2a4f
mhd,31917913_3,31917913,3,31917913_3/gpu/gpu_force.csv,1,gpu,orszag_tang,force,2,3,3,repository_default,0,0,384,384,147456,2587,5.251039e-01,4926.644041303,726.463223754,1.127740672,0.55,0.55,98%,152444,0,10802,71,4,2026-07-23T01:24:58.053659587+00:00,2026-07-23T01:24:59.187804615+00:00,0,gpu-q-4,final_version,d6a3289d2ea4e6cb69616ff596d3942e80ab2a4f
mhd,31917913_3,31917913,3,31917913_3/gpu/gpu_force.csv,1,gpu,orszag_tang,force,4,1,1,repository_default,0,0,768,768,589824,5329,3.017347e+00,1766.121032815,1041.700572059,3.628080128,3.06,0.51,99%,215216,0,13181,121,8,2026-07-23T01:25:03.578413269+00:00,2026-07-23T01:25:07.212597727+00:00,0,gpu-q-4,final_version,d6a3289d2ea4e6cb69616ff596d3942e80ab2a4f
mhd,31917913_3,31917913,3,31917913_3/gpu/gpu_force.csv,1,gpu,orszag_tang,force,8,1,1,repository_default,0,0,1536,1536,2359296,10935,2.093171e+01,522.413123438,1232.527192475,21.707472128,21.01,0.54,99%,464400,0,12745,479,15,2026-07-23T01:25:12.883074829+00:00,2026-07-23T01:25:34.596860757+00:00,0,gpu-q-4,final_version,d6a3289d2ea4e6cb69616ff596d3942e80ab2a4f
mhd,31917918_0,31917918,0,31917918_0/gpu/gpu_hll.csv,1,gpu,orszag_tang,hll,1,1,3,repository_default,0,0,192,192,36864,1231,1.235552e-01,9963.158167362,367.281862682,1.002011648,0.14,0.78,94%,134620,0,8399,208,3,2026-07-23T01:22:52.215817557+00:00,2026-07-23T01:22:53.224060151+00:00,0,gpu-q-4,final_version,d6a3289d2ea4e6cb69616ff596d3942e80ab2a4f
mhd,31917918_0,31917918,0,31917918_0/gpu/gpu_hll.csv,1,gpu,orszag_tang,hll,1,2,3,repository_default,0,0,192,192,36864,1231,1.242488e-01,9907.540354514,365.231567629,0.959832064,0.13,0.75,95%,136572,0,8388,181,4,2026-07-23T01:22:54.105996655+00:00,2026-07-23T01:22:55.072146073+00:00,0,gpu-q-4,final_version,d6a3289d2ea4e6cb69616ff596d3942e80ab2a4f
mhd,31917918_0,31917918,0,31917918_0/gpu/gpu_hll.csv,1,gpu,orszag_tang,hll,1,3,3,repository_default,0,0,192,192,36864,1231,1.234139e-01,9974.565263718,367.702373882,0.986439168,0.13,0.60,77%,136720,0,8383,165,3,2026-07-23T01:22:55.187199360+00:00,2026-07-23T01:22:56.179853130+00:00,0,gpu-q-4,final_version,d6a3289d2ea4e6cb69616ff596d3942e80ab2a4f
mhd,31917918_0,31917918,0,31917918_0/gpu/gpu_hll.csv,1,gpu,orszag_tang,hll,2,1,3,repository_default,0,0,384,384,147456,2557,4.987152e-01,5127.174788336,756.032685589,1.414467584,0.52,0.68,86%,151968,0,10269,191,3,2026-07-23T01:22:59.682976734+00:00,2026-07-23T01:23:01.103731140+00:00,0,gpu-q-4,final_version,d6a3289d2ea4e6cb69616ff596d3942e80ab2a4f
mhd,31917918_0,31917918,0,31917918_0/gpu/gpu_hll.csv,1,gpu,orszag_tang,hll,2,2,3,repository_default,0,0,384,384,147456,2557,4.986084e-01,5128.273009440,756.194624880,1.428108288,0.52,0.65,84%,152148,0,10801,183,4,2026-07-23T01:23:01.216057742+00:00,2026-07-23T01:23:02.650829879+00:00,0,gpu-q-4,final_version,d6a3289d2ea4e6cb69616ff596d3942e80ab2a4f
mhd,31917918_0,31917918,0,31917918_0/gpu/gpu_hll.csv,1,gpu,orszag_tang,hll,2,3,3,repository_default,0,0,384,384,147456,2557,4.966664e-01,5148.324911852,759.151398202,1.434615808,0.51,0.65,84%,152492,0,10293,195,5,2026-07-23T01:23:02.762079068+00:00,2026-07-23T01:23:04.202899538+00:00,0,gpu-q-4,final_version,d6a3289d2ea4e6cb69616ff596d3942e80ab2a4f
mhd,31917918_0,31917918,0,31917918_0/gpu/gpu_hll.csv,1,gpu,orszag_tang,hll,4,1,1,repository_default,0,0,768,768,589824,5261,2.824057e+00,1862.922738457,1098.796541288,3.471601152,2.87,0.57,99%,215052,0,13173,115,9,2026-07-23T01:23:09.184147150+00:00,2026-07-23T01:23:12.661826933+00:00,0,gpu-q-4,final_version,d6a3289d2ea4e6cb69616ff596d3942e80ab2a4f
mhd,31917918_0,31917918,0,31917918_0/gpu/gpu_hll.csv,1,gpu,orszag_tang,hll,8,1,1,repository_default,0,0,1536,1536,2359296,10820,1.935679e+01,558.976979138,1318.792150971,20.162491392,19.43,0.59,99%,464856,0,12244,448,10,2026-07-23T01:23:18.016187504+00:00,2026-07-23T01:23:38.185364277+00:00,0,gpu-q-4,final_version,d6a3289d2ea4e6cb69616ff596d3942e80ab2a4f
mhd,31917919_1,31917919,1,31917919_1/gpu/gpu_hllc.csv,1,gpu,orszag_tang,hllc,1,1,3,repository_default,0,0,192,192,36864,1264,1.678730e-01,7529.501468372,277.567542130,1.206441984,0.18,0.71,76%,136960,0,8403,188,3,2026-07-23T01:22:52.188562698+00:00,2026-07-23T01:22:53.401424826+00:00,0,gpu-q-4,final_version,d6a3289d2ea4e6cb69616ff596d3942e80ab2a4f
mhd,31917919_1,31917919,1,31917919_1/gpu/gpu_hllc.csv,1,gpu,orszag_tang,hllc,1,2,3,repository_default,0,0,192,192,36864,1264,1.679178e-01,7527.492618412,277.493487885,1.103280384,0.18,0.67,79%,134588,0,8888,195,2,2026-07-23T01:22:54.167556464+00:00,2026-07-23T01:22:55.277136746+00:00,0,gpu-q-4,final_version,d6a3289d2ea4e6cb69616ff596d3942e80ab2a4f
mhd,31917919_1,31917919,1,31917919_1/gpu/gpu_hllc.csv,1,gpu,orszag_tang,hllc,1,3,3,repository_default,0,0,192,192,36864,1264,1.675937e-01,7542.049611650,278.030116884,0.966770432,0.18,0.69,91%,136936,0,8892,189,0,2026-07-23T01:22:55.396294628+00:00,2026-07-23T01:22:56.369510630+00:00,0,gpu-q-4,final_version,d6a3289d2ea4e6cb69616ff596d3942e80ab2a4f
mhd,31917919_1,31917919,1,31917919_1/gpu/gpu_hllc.csv,1,gpu,orszag_tang,hllc,2,1,3,repository_default,0,0,384,384,147456,2626,7.368772e-01,3563.687409517,525.487090658,1.432652800,0.76,0.59,96%,152192,0,10798,191,2,2026-07-23T01:22:59.894105058+00:00,2026-07-23T01:23:01.333328134+00:00,0,gpu-q-4,final_version,d6a3289d2ea4e6cb69616ff596d3942e80ab2a4f
mhd,31917919_1,31917919,1,31917919_1/gpu/gpu_hllc.csv,1,gpu,orszag_tang,hllc,2,2,3,repository_default,0,0,384,384,147456,2626,7.347215e-01,3574.143399914,527.028889178,1.415807488,0.76,0.57,96%,152996,0,10804,219,4,2026-07-23T01:23:01.458722875+00:00,2026-07-23T01:23:02.881019661+00:00,0,gpu-q-4,final_version,d6a3289d2ea4e6cb69616ff596d3942e80ab2a4f
mhd,31917919_1,31917919,1,31917919_1/gpu/gpu_hllc.csv,1,gpu,orszag_tang,hllc,2,3,3,repository_default,0,0,384,384,147456,2626,7.366773e-01,3564.654428744,525.629683445,1.415577088,0.75,0.58,96%,150104,0,10788,210,2,2026-07-23T01:23:02.999997494+00:00,2026-07-23T01:23:04.422345527+00:00,0,gpu-q-4,final_version,d6a3289d2ea4e6cb69616ff596d3942e80ab2a4f
mhd,31917919_1,31917919,1,31917919_1/gpu/gpu_hllc.csv,1,gpu,orszag_tang,hllc,4,1,1,repository_default,0,0,768,768,589824,5421,4.589649e+00,1181.136073804,696.662403596,5.248928256,4.62,0.56,99%,214860,0,13675,153,11,2026-07-23T01:23:10.616477599+00:00,2026-07-23T01:23:15.872023414+00:00,0,gpu-q-4,final_version,d6a3289d2ea4e6cb69616ff596d3942e80ab2a4f
mhd,31917919_1,31917919,1,31917919_1/gpu/gpu_hllc.csv,1,gpu,orszag_tang,hllc,8,1,1,repository_default,0,0,1536,1536,2359296,11093,3.321630e+01,333.962542487,787.916490639,34.019646464,33.23,0.59,99%,464700,0,12241,726,19,2026-07-23T01:23:24.680322269+00:00,2026-07-23T01:23:58.706213276+00:00,0,gpu-q-4,final_version,d6a3289d2ea4e6cb69616ff596d3942e80ab2a4f
mhd,31917920_2,31917920,2,31917920_2/gpu/gpu_hlld.csv,1,gpu,orszag_tang,hlld,1,1,3,hlld_canonical_y_xlb3_ylb3,0,0,192,192,36864,1280,1.904726e-01,6720.126674388,247.730749725,0.635562496,0.20,0.38,95%,137096,6,8914,79,5,2026-07-23T01:22:48.914142299+00:00,2026-07-23T01:22:49.555606190+00:00,0,gpu-q-12,final_version,d6a3289d2ea4e6cb69616ff596d3942e80ab2a4f
mhd,31917920_2,31917920,2,31917920_2/gpu/gpu_hlld.csv,1,gpu,orszag_tang,hlld,1,2,3,hlld_canonical_y_xlb3_ylb3,0,0,192,192,36864,1280,1.916864e-01,6677.573369837,246.162064706,0.627288320,0.20,0.38,97%,136604,0,8902,66,3,2026-07-23T01:22:50.462135067+00:00,2026-07-23T01:22:51.095776682+00:00,0,gpu-q-12,final_version,d6a3289d2ea4e6cb69616ff596d3942e80ab2a4f
mhd,31917920_2,31917920,2,31917920_2/gpu/gpu_hlld.csv,1,gpu,orszag_tang,hlld,1,3,3,hlld_canonical_y_xlb3_ylb3,0,0,192,192,36864,1280,1.898038e-01,6743.805972272,248.603663362,0.624617984,0.20,0.37,97%,136652,0,8895,67,6,2026-07-23T01:22:51.211207475+00:00,2026-07-23T01:22:51.842594665+00:00,0,gpu-q-12,final_version,d6a3289d2ea4e6cb69616ff596d3942e80ab2a4f
mhd,31917920_2,31917920,2,31917920_2/gpu/gpu_hlld.csv,1,gpu,orszag_tang,hlld,2,1,3,hlld_canonical_y_xlb3_ylb3,0,0,384,384,147456,2645,8.728491e-01,3030.306154867,446.836824372,1.320821504,0.89,0.39,98%,152180,0,10800,81,6,2026-07-23T01:22:54.199437493+00:00,2026-07-23T01:22:55.526197932+00:00,0,gpu-q-12,final_version,d6a3289d2ea4e6cb69616ff596d3942e80ab2a4f
mhd,31917920_2,31917920,2,31917920_2/gpu/gpu_hlld.csv,1,gpu,orszag_tang,hlld,2,2,3,hlld_canonical_y_xlb3_ylb3,0,0,384,384,147456,2645,8.701953e-01,3039.547559036,448.199524865,1.322222592,0.89,0.38,98%,152448,0,10285,79,4,2026-07-23T01:22:55.639653916+00:00,2026-07-23T01:22:56.968111181+00:00,0,gpu-q-12,final_version,d6a3289d2ea4e6cb69616ff596d3942e80ab2a4f
mhd,31917920_2,31917920,2,31917920_2/gpu/gpu_hlld.csv,1,gpu,orszag_tang,hlld,2,3,3,hlld_canonical_y_xlb3_ylb3,0,0,384,384,147456,2645,8.726402e-01,3031.031575213,446.943791955,1.309873920,0.89,0.38,98%,152448,0,10293,81,4,2026-07-23T01:22:57.080645380+00:00,2026-07-23T01:22:58.396771455+00:00,0,gpu-q-12,final_version,d6a3289d2ea4e6cb69616ff596d3942e80ab2a4f
mhd,31917920_2,31917920,2,31917920_2/gpu/gpu_hlld.csv,1,gpu,orszag_tang,hlld,4,1,1,hlld_canonical_y_xlb3_ylb3,0,0,768,768,589824,5419,5.265127e+00,1029.224936075,607.061568695,5.927585280,5.29,0.50,99%,214800,0,12671,165,8,2026-07-23T01:23:04.143553162+00:00,2026-07-23T01:23:10.077441259+00:00,0,gpu-q-12,final_version,d6a3289d2ea4e6cb69616ff596d3942e80ab2a4f
mhd,31917920_2,31917920,2,31917920_2/gpu/gpu_hlld.csv,1,gpu,orszag_tang,hlld,8,1,1,hlld_canonical_y_xlb3_ylb3,0,0,1536,1536,2359296,11108,3.723920e+01,298.287825732,703.749274098,38.021434880,37.19,0.57,99%,464792,0,11397,804,17,2026-07-23T01:23:19.751369666+00:00,2026-07-23T01:23:57.779400708+00:00,0,gpu-q-12,final_version,d6a3289d2ea4e6cb69616ff596d3942e80ab2a4f
mhd,31917913_3,31917913,3,31917913_3/gpu/gpu_force.csv,1,gpu,rotor,force,1,1,3,repository_default,0,0,400,400,160000,531,0.1,5310.000000000,849.600000000,0.719472128,0.13,0.56,97%,153660,0,10730,63,5,2026-07-23T01:24:52.978575979+00:00,2026-07-23T01:24:53.704011635+00:00,0,gpu-q-4,final_version,d6a3289d2ea4e6cb69616ff596d3942e80ab2a4f
mhd,31917913_3,31917913,3,31917913_3/gpu/gpu_force.csv,1,gpu,rotor,force,1,2,3,repository_default,0,0,400,400,160000,531,0.1,5310.000000000,849.600000000,0.717491456,0.13,0.55,97%,153824,0,11241,62,3,2026-07-23T01:24:53.824815741+00:00,2026-07-23T01:24:54.548320944+00:00,0,gpu-q-4,final_version,d6a3289d2ea4e6cb69616ff596d3942e80ab2a4f
mhd,31917913_3,31917913,3,31917913_3/gpu/gpu_force.csv,1,gpu,rotor,force,1,3,3,repository_default,0,0,400,400,160000,531,0.1,5310.000000000,849.600000000,0.721743616,0.13,0.55,97%,151784,0,11242,62,3,2026-07-23T01:24:54.671504090+00:00,2026-07-23T01:24:55.399289241+00:00,0,gpu-q-4,final_version,d6a3289d2ea4e6cb69616ff596d3942e80ab2a4f
mhd,31917913_3,31917913,3,31917913_3/gpu/gpu_force.csv,1,gpu,rotor,force,2,1,3,repository_default,0,0,800,800,640000,1113,0.7,1590.000000000,1017.600000000,1.307820288,0.71,0.56,98%,221628,0,13407,75,6,2026-07-23T01:24:59.299329096+00:00,2026-07-23T01:25:00.613428695+00:00,0,gpu-q-4,final_version,d6a3289d2ea4e6cb69616ff596d3942e80ab2a4f
mhd,31917913_3,31917913,3,31917913_3/gpu/gpu_force.csv,1,gpu,rotor,force,2,2,3,repository_default,0,0,800,800,640000,1113,0.7,1590.000000000,1017.600000000,1.356547328,0.70,0.57,98%,221464,0,12887,76,8,2026-07-23T01:25:00.725028277+00:00,2026-07-23T01:25:02.087622179+00:00,0,gpu-q-4,final_version,d6a3289d2ea4e6cb69616ff596d3942e80ab2a4f
mhd,31917913_3,31917913,3,31917913_3/gpu/gpu_force.csv,1,gpu,rotor,force,2,3,3,repository_default,0,0,800,800,640000,1113,0.7,1590.000000000,1017.600000000,1.258906880,0.70,0.52,99%,221328,0,13399,98,3,2026-07-23T01:25:02.199897987+00:00,2026-07-23T01:25:03.464894595+00:00,0,gpu-q-4,final_version,d6a3289d2ea4e6cb69616ff596d3942e80ab2a4f
mhd,31917913_3,31917913,3,31917913_3/gpu/gpu_force.csv,1,gpu,rotor,force,4,1,1,repository_default,0,0,1600,1600,2560000,2291,4.8,477.291666667,1221.866666667,5.435938048,4.86,0.52,99%,492412,0,12656,159,9,2026-07-23T01:25:07.326779713+00:00,2026-07-23T01:25:12.769331962+00:00,0,gpu-q-4,final_version,d6a3289d2ea4e6cb69616ff596d3942e80ab2a4f
mhd,31917913_3,31917913,3,31917913_3/gpu/gpu_force.csv,1,gpu,rotor,force,8,1,1,repository_default,0,0,3200,3200,10240000,4671,37.2,125.564516129,1285.780645161,38.281715456,37.47,0.64,99%,1574252,0,13313,809,17,2026-07-23T01:25:34.711086025+00:00,2026-07-23T01:26:12.999378395+00:00,0,gpu-q-4,final_version,d6a3289d2ea4e6cb69616ff596d3942e80ab2a4f
mhd,31917918_0,31917918,0,31917918_0/gpu/gpu_hll.csv,1,gpu,rotor,hll,1,1,3,repository_default,0,0,400,400,160000,512,0.1,5120.000000000,819.200000000,0.997998336,0.12,0.78,92%,153480,0,11226,195,3,2026-07-23T01:22:56.291581473+00:00,2026-07-23T01:22:57.296168640+00:00,0,gpu-q-4,final_version,d6a3289d2ea4e6cb69616ff596d3942e80ab2a4f
mhd,31917918_0,31917918,0,31917918_0/gpu/gpu_hll.csv,1,gpu,rotor,hll,1,2,3,repository_default,0,0,400,400,160000,512,0.1,5120.000000000,819.200000000,1.013376512,0.12,0.77,90%,153832,0,10732,200,1,2026-07-23T01:22:57.407723507+00:00,2026-07-23T01:22:58.426983310+00:00,0,gpu-q-4,final_version,d6a3289d2ea4e6cb69616ff596d3942e80ab2a4f
mhd,31917918_0,31917918,0,31917918_0/gpu/gpu_hll.csv,1,gpu,rotor,hll,1,3,3,repository_default,0,0,400,400,160000,512,0.1,5120.000000000,819.200000000,1.010258432,0.12,0.65,79%,153932,0,10731,203,2,2026-07-23T01:22:58.540156751+00:00,2026-07-23T01:22:59.556743099+00:00,0,gpu-q-4,final_version,d6a3289d2ea4e6cb69616ff596d3942e80ab2a4f
mhd,31917918_0,31917918,0,31917918_0/gpu/gpu_hll.csv,1,gpu,rotor,hll,2,1,3,repository_default,0,0,800,800,640000,1088,0.6,1813.333333333,1160.533333333,1.560980224,0.65,0.67,87%,219604,0,12391,186,5,2026-07-23T01:23:04.314309240+00:00,2026-07-23T01:23:05.881712523+00:00,0,gpu-q-4,final_version,d6a3289d2ea4e6cb69616ff596d3942e80ab2a4f
mhd,31917918_0,31917918,0,31917918_0/gpu/gpu_hll.csv,1,gpu,rotor,hll,2,2,3,repository_default,0,0,800,800,640000,1088,0.6,1813.333333333,1160.533333333,1.515081984,0.65,0.77,96%,221476,0,12887,106,6,2026-07-23T01:23:05.995505973+00:00,2026-07-23T01:23:07.516924335+00:00,0,gpu-q-4,final_version,d6a3289d2ea4e6cb69616ff596d3942e80ab2a4f
mhd,31917918_0,31917918,0,31917918_0/gpu/gpu_hll.csv,1,gpu,rotor,hll,2,3,3,repository_default,0,0,800,800,640000,1088,0.6,1813.333333333,1160.533333333,1.430737920,0.66,0.71,98%,222668,0,13141,104,5,2026-07-23T01:23:07.631833421+00:00,2026-07-23T01:23:09.068946915+00:00,0,gpu-q-4,final_version,d6a3289d2ea4e6cb69616ff596d3942e80ab2a4f
mhd,31917918_0,31917918,0,31917918_0/gpu/gpu_hll.csv,1,gpu,rotor,hll,4,1,1,repository_default,0,0,1600,1600,2560000,2259,4.4,513.409090909,1314.327272727,5.118748672,4.46,0.60,99%,492680,0,12663,149,9,2026-07-23T01:23:12.776971112+00:00,2026-07-23T01:23:17.902253358+00:00,0,gpu-q-4,final_version,d6a3289d2ea4e6cb69616ff596d3942e80ab2a4f
mhd,31917918_0,31917918,0,31917918_0/gpu/gpu_hll.csv,1,gpu,rotor,hll,8,1,1,repository_default,0,0,3200,3200,10240000,4627,34.3,134.897959184,1381.355102041,35.368238592,34.50,0.68,99%,1574276,0,12788,750,17,2026-07-23T01:23:38.299147177+00:00,2026-07-23T01:24:13.673424785+00:00,0,gpu-q-4,final_version,d6a3289d2ea4e6cb69616ff596d3942e80ab2a4f
mhd,31917919_1,31917919,1,31917919_1/gpu/gpu_hllc.csv,1,gpu,rotor,hllc,1,1,3,repository_default,0,0,400,400,160000,565,0.2,2825.000000000,452.000000000,1.009326848,0.18,0.66,85%,153828,0,10732,158,5,2026-07-23T01:22:56.483748920+00:00,2026-07-23T01:22:57.499436142+00:00,0,gpu-q-4,final_version,d6a3289d2ea4e6cb69616ff596d3942e80ab2a4f
mhd,31917919_1,31917919,1,31917919_1/gpu/gpu_hllc.csv,1,gpu,rotor,hllc,1,2,3,repository_default,0,0,400,400,160000,565,0.2,2825.000000000,452.000000000,1.026141184,0.18,0.66,85%,154696,0,10963,148,2,2026-07-23T01:22:57.620805498+00:00,2026-07-23T01:22:58.653460447+00:00,0,gpu-q-4,final_version,d6a3289d2ea4e6cb69616ff596d3942e80ab2a4f
mhd,31917919_1,31917919,1,31917919_1/gpu/gpu_hllc.csv,1,gpu,rotor,hllc,1,3,3,repository_default,0,0,400,400,160000,565,0.2,2825.000000000,452.000000000,0.992728832,0.18,0.62,83%,153484,0,10715,210,1,2026-07-23T01:22:58.772304628+00:00,2026-07-23T01:22:59.771445989+00:00,0,gpu-q-4,final_version,d6a3289d2ea4e6cb69616ff596d3942e80ab2a4f
mhd,31917919_1,31917919,1,31917919_1/gpu/gpu_hllc.csv,1,gpu,rotor,hllc,2,1,3,repository_default,0,0,800,800,640000,1157,1.1,1051.818181818,673.163636364,1.962376704,1.10,0.77,96%,221624,0,13404,242,4,2026-07-23T01:23:04.537666169+00:00,2026-07-23T01:23:06.506960743+00:00,0,gpu-q-4,final_version,d6a3289d2ea4e6cb69616ff596d3942e80ab2a4f
mhd,31917919_1,31917919,1,31917919_1/gpu/gpu_hllc.csv,1,gpu,rotor,hllc,2,2,3,repository_default,0,0,800,800,640000,1157,1.1,1051.818181818,673.163636364,1.795044864,1.10,0.56,98%,219480,0,12899,81,23,2026-07-23T01:23:06.627436933+00:00,2026-07-23T01:23:08.429065793+00:00,0,gpu-q-4,final_version,d6a3289d2ea4e6cb69616ff596d3942e80ab2a4f
mhd,31917919_1,31917919,1,31917919_1/gpu/gpu_hllc.csv,1,gpu,rotor,hllc,2,3,3,repository_default,0,0,800,800,640000,1157,1.1,1051.818181818,673.163636364,1.946870016,1.10,0.77,97%,221584,0,13412,112,7,2026-07-23T01:23:08.545150147+00:00,2026-07-23T01:23:10.498458706+00:00,0,gpu-q-4,final_version,d6a3289d2ea4e6cb69616ff596d3942e80ab2a4f
mhd,31917919_1,31917919,1,31917919_1/gpu/gpu_hllc.csv,1,gpu,rotor,hllc,4,1,1,repository_default,0,0,1600,1600,2560000,2349,7.8,301.153846154,770.953846154,8.566757888,7.90,0.58,99%,492208,0,12662,218,8,2026-07-23T01:23:15.989334171+00:00,2026-07-23T01:23:24.562755499+00:00,0,gpu-q-4,final_version,d6a3289d2ea4e6cb69616ff596d3942e80ab2a4f
mhd,31917919_1,31917919,1,31917919_1/gpu/gpu_hllc.csv,1,gpu,rotor,hllc,8,1,1,repository_default,0,0,3200,3200,10240000,4748,61.9,76.704361874,785.452665590,62.995267072,62.00,0.70,99%,1574232,0,13294,1302,22,2026-07-23T01:23:58.825968296+00:00,2026-07-23T01:25:01.827427446+00:00,0,gpu-q-4,final_version,d6a3289d2ea4e6cb69616ff596d3942e80ab2a4f
mhd,31917920_2,31917920,2,31917920_2/gpu/gpu_hlld.csv,1,gpu,rotor,hlld,1,1,3,hlld_canonical_y_xlb3_ylb3,0,0,400,400,160000,561,0.2,2805.000000000,448.800000000,0.622570752,0.20,0.38,97%,153584,0,10890,69,5,2026-07-23T01:22:51.955462222+00:00,2026-07-23T01:22:52.584089225+00:00,0,gpu-q-12,final_version,d6a3289d2ea4e6cb69616ff596d3942e80ab2a4f
mhd,31917920_2,31917920,2,31917920_2/gpu/gpu_hlld.csv,1,gpu,rotor,hlld,1,2,3,hlld_canonical_y_xlb3_ylb3,0,0,400,400,160000,561,0.2,2805.000000000,448.800000000,0.637516800,0.20,0.39,97%,153568,0,11230,68,3,2026-07-23T01:22:52.694839135+00:00,2026-07-23T01:22:53.338417079+00:00,0,gpu-q-12,final_version,d6a3289d2ea4e6cb69616ff596d3942e80ab2a4f
mhd,31917920_2,31917920,2,31917920_2/gpu/gpu_hlld.csv,1,gpu,rotor,hlld,1,3,3,hlld_canonical_y_xlb3_ylb3,0,0,400,400,160000,561,0.2,2805.000000000,448.800000000,0.625016576,0.21,0.38,97%,153928,0,10739,68,4,2026-07-23T01:22:53.452895419+00:00,2026-07-23T01:22:54.084208209+00:00,0,gpu-q-12,final_version,d6a3289d2ea4e6cb69616ff596d3942e80ab2a4f
mhd,31917920_2,31917920,2,31917920_2/gpu/gpu_hlld.csv,1,gpu,rotor,hlld,2,1,3,hlld_canonical_y_xlb3_ylb3,0,0,800,800,640000,1155,1.2,962.500000000,616.000000000,1.733924608,1.23,0.45,98%,221608,0,12906,87,8,2026-07-23T01:22:58.511604573+00:00,2026-07-23T01:23:00.251923706+00:00,0,gpu-q-12,final_version,d6a3289d2ea4e6cb69616ff596d3942e80ab2a4f
mhd,31917920_2,31917920,2,31917920_2/gpu/gpu_hlld.csv,1,gpu,rotor,hlld,2,2,3,hlld_canonical_y_xlb3_ylb3,0,0,800,800,640000,1155,1.2,962.500000000,616.000000000,1.767064576,1.24,0.49,98%,219608,0,12895,88,5,2026-07-23T01:23:00.383090608+00:00,2026-07-23T01:23:02.155968005+00:00,0,gpu-q-12,final_version,d6a3289d2ea4e6cb69616ff596d3942e80ab2a4f
mhd,31917920_2,31917920,2,31917920_2/gpu/gpu_hlld.csv,1,gpu,rotor,hlld,2,3,3,hlld_canonical_y_xlb3_ylb3,0,0,800,800,640000,1155,1.2,962.500000000,616.000000000,1.751417600,1.23,0.49,99%,221628,0,12910,85,7,2026-07-23T01:23:02.268977599+00:00,2026-07-23T01:23:04.026393223+00:00,0,gpu-q-12,final_version,d6a3289d2ea4e6cb69616ff596d3942e80ab2a4f
mhd,31917920_2,31917920,2,31917920_2/gpu/gpu_hlld.csv,1,gpu,rotor,hlld,4,1,1,hlld_canonical_y_xlb3_ylb3,0,0,1600,1600,2560000,2348,8.8,266.818181818,683.054545455,9.440702720,8.83,0.52,99%,490532,0,12664,238,17,2026-07-23T01:23:10.188530026+00:00,2026-07-23T01:23:19.635451081+00:00,0,gpu-q-12,final_version,d6a3289d2ea4e6cb69616ff596d3942e80ab2a4f
mhd,31917920_2,31917920,2,31917920_2/gpu/gpu_hlld.csv,1,gpu,rotor,hlld,8,1,1,hlld_canonical_y_xlb3_ylb3,0,0,3200,3200,10240000,4747,68.7,69.097525473,707.558660844,69.786958336,68.66,0.68,99%,1574428,0,12960,1439,29,2026-07-23T01:23:57.894604687+00:00,2026-07-23T01:25:07.687602396+00:00,0,gpu-q-12,final_version,d6a3289d2ea4e6cb69616ff596d3942e80ab2a4f
